image_id,healthy,multiple_diseases,rust,scab
Test_0,0.07,0.075,0.31955824699660895,0.535441753003391
Test_1,0.08011088077802665,0.16970483849229523,0.12660927557775192,0.6235750051519262
Test_2,0.195,0.005,0.45,0.35
Test_3,0.79,0.01,0.075,0.125
Test_4,0.4356998235682854,0.005,0.3139557647962086,0.245344411635506
Test_5,0.755,0.015,0.115,0.115
Test_6,0.265,0.05,0.39,0.295
Test_7,0.045,0.025,0.435,0.495
Test_8,0.13,0.03,0.14514892947103275,0.6948510705289672
Test_9,0.3150953263719455,0.1,0.5127674152826234,0.07213725834543118
Test_10,0.2706396688799747,0.035,0.4521262233193525,0.24223410780067275
Test_11,0.395,0.29,0.085,0.23
Test_12,0.20758444346487814,0.08656247646312508,0.3646833729073824,0.34116970716461437
Test_13,0.255,0.08,0.2124381443298969,0.45256185567010304
Test_14,0.14094941592816887,0.12100075768215232,0.5252742959962953,0.21277553039338357
Test_15,0.185,0.0,0.815,0.0
Test_16,0.3191027860093736,0.05,0.31850393902166213,0.3123932749689643
Test_17,0.15636855167208707,0.20100075768215234,0.32532440588920464,0.3173062847565559
Test_18,0.18,0.025,0.55,0.245
Test_19,0.30348050036791757,0.01,0.345,0.3415194996320824
Test_20,0.06997802089675233,0.02,0.5587015584464171,0.3513204206568305
Test_21,0.3,0.0,0.55,0.15
Test_22,0.29477656439637046,0.026600764515154866,0.46251381430347843,0.21610885678499628
Test_23,0.075,0.025,0.225,0.675
Test_24,0.61,0.035,0.11,0.245
Test_25,0.38,0.02,0.4,0.2
Test_26,0.07504425714655381,0.019506953801109974,0.2760937432308036,0.6293550458215326
Test_27,0.07,0.045,0.48,0.405
Test_28,0.61,0.025,0.3,0.065
Test_29,0.07,0.06,0.11594845617826736,0.7540515438217327
Test_30,0.52,0.055,0.32,0.105
Test_31,0.53,0.02,0.13,0.32
Test_32,0.0550851290565719,0.06433458497640786,0.21028296418804182,0.6702973217789784
Test_33,0.005,0.005,0.02,0.97
Test_34,0.11133915487753629,0.17400325901607885,0.24202873961711968,0.4726288464892652
Test_35,0.14,0.02,0.375,0.465
Test_36,0.2,0.015,0.46,0.325
Test_37,0.135,0.015,0.075,0.775
Test_38,0.09,0.01,0.14529785894206548,0.7547021410579344
Test_39,0.24,0.045,0.385,0.33
Test_40,0.195,0.04,0.28,0.485
Test_41,0.42,0.04933150183150183,0.16,0.3706684981684982
Test_42,0.12113423127064432,0.055,0.23688506042163426,0.5869807083077214
Test_43,0.585,0.01,0.285,0.12
Test_44,0.115,0.125,0.135,0.625
Test_45,0.2976693002257336,0.05,0.14,0.5123306997742664
Test_46,0.315,0.045,0.41,0.23
Test_47,0.195,0.025,0.605,0.175
Test_48,0.18872894789453934,0.05,0.48976033926131174,0.27151071284414896
Test_49,0.5385752772680874,0.005,0.10587382501581258,0.3505508977161
Test_50,0.17,0.025,0.64,0.165
Test_51,0.425,0.04,0.44,0.095
Test_52,0.15616728568840876,0.049506953801109976,0.25377861143309965,0.5405471490773816
Test_53,0.53,0.06,0.29,0.12
Test_54,0.48,0.015,0.155,0.35
Test_55,0.5661342312706443,0.055,0.26188506042163423,0.1169807083077214
Test_56,0.295,0.22,0.15,0.335
Test_57,0.305,0.005,0.25,0.44
Test_58,0.10109347918468022,0.09,0.4430676206576845,0.3658389001576353
Test_59,0.365,0.005,0.1,0.53
Test_60,0.09,0.08,0.37,0.46
Test_61,0.13128869686205746,0.045,0.3339581919805432,0.48975311115739933
Test_62,0.08,0.02,0.23,0.67
Test_63,0.47,0.035,0.295,0.2
Test_64,0.1318206312548114,0.0749617119479702,0.23507035123757747,0.5581473055596409
Test_65,0.625,0.045,0.16,0.17
Test_66,0.625,0.075,0.08,0.22
Test_67,0.695,0.015,0.12,0.17
Test_68,0.14348050036791757,0.11,0.385,0.3615194996320824
Test_69,0.19,0.005,0.6,0.205
Test_70,0.1,0.015,0.175,0.71
Test_71,0.35387595395118226,0.045,0.5001241278891336,0.10099991815968408
Test_72,0.6585323383084577,0.0,0.2414676616915423,0.1
Test_73,0.63,0.01,0.26,0.1
Test_74,0.395,0.175,0.35,0.08
Test_75,0.08,0.01,0.065,0.845
Test_76,0.5524692895126067,0.015,0.2614131365708047,0.17111757391658855
Test_77,0.6968783068783069,0.005,0.13312169312169314,0.165
Test_78,0.08,0.02,0.325,0.575
Test_79,0.24,0.205,0.185,0.37
Test_80,0.205,0.035,0.17,0.59
Test_81,0.23002522439726744,0.04,0.6505263772260704,0.07944839837666227
Test_82,0.52,0.01,0.315,0.155
Test_83,0.285,0.065,0.24,0.41
Test_84,0.27,0.005,0.19,0.535
Test_85,0.09,0.075,0.18014892947103273,0.6548510705289672
Test_86,0.435,0.04,0.14,0.385
Test_87,0.05,0.035,0.10059843117408906,0.8144015688259109
Test_88,0.595,0.08,0.06,0.265
Test_89,0.2769898174878618,0.054811347843565145,0.4659647268679003,0.20223410780067275
Test_90,0.3876747528453571,0.22165279286482786,0.12038825664382741,0.2702841976459877
Test_91,0.725,0.0,0.175,0.1
Test_92,0.24,0.02,0.475,0.265
Test_93,0.035,0.01,0.08,0.875
Test_94,0.065,0.03,0.08514892947103274,0.8198510705289672
Test_95,0.235,0.02,0.6481570750519134,0.09684292494808662
Test_96,0.05,0.005,0.165,0.78
Test_97,0.2811198129583303,0.05482644286513751,0.47733163745442553,0.18672210672210673
Test_98,0.56,0.03,0.315,0.095
Test_99,0.2442420439447017,0.07634283828196488,0.5620251191388982,0.11738999863443525
Test_100,0.58,0.05,0.13,0.24
Test_101,0.22,0.01,0.66,0.11
Test_102,0.095,0.045,0.18,0.68
Test_103,0.35,0.155,0.34,0.155
Test_104,0.1627307692307692,0.03,0.40226923076923077,0.405
Test_105,0.057389481366434375,0.1398142493638677,0.3361425297752372,0.4666537394944607
Test_106,0.2259398876463328,0.12134283828196488,0.2966926089005112,0.35602466517119113
Test_107,0.38,0.04,0.3387030271398747,0.24129697286012525
Test_108,0.16396956799367526,0.20847067039106143,0.29836032301073206,0.3291994386045313
Test_109,0.12460907610907611,0.045,0.28009625145268324,0.5502946724382406
Test_110,0.1853277989263055,0.055,0.5488135480722304,0.2108586530014641
Test_111,0.15682063125481138,0.12,0.11,0.6131793687451886
Test_112,0.23,0.025,0.055,0.69
Test_113,0.48,0.045,0.21,0.265
Test_114,0.27382093297933763,0.13,0.4299868522162681,0.1661922148043943
Test_115,0.11524844752662176,0.015,0.3503518802483795,0.5193996722249988
Test_116,0.395,0.03,0.505,0.07
Test_117,0.035,0.075,0.2666121336059986,0.6233878663940013
Test_118,0.465,0.05,0.16,0.325
Test_119,0.43,0.27,0.19,0.11
Test_120,0.21,0.01,0.335,0.445
Test_121,0.43,0.045,0.25,0.275
Test_122,0.395,0.065,0.145,0.395
Test_123,0.08,0.01,0.045,0.865
Test_124,0.055,0.2647846134520944,0.2958308216743988,0.38438456487350675
Test_125,0.325,0.015,0.465,0.195
Test_126,0.185,0.385,0.275,0.155
Test_127,0.17,0.01,0.345,0.475
Test_128,0.165,0.01,0.815,0.01
Test_129,0.3811342312706444,0.08434552989803538,0.24220419893527265,0.2923160398960476
Test_130,0.20108841700747795,0.04,0.39753276673948507,0.36137881625303697
Test_131,0.0825718352994713,0.005,0.24518977731194583,0.6672383873885829
Test_132,0.48,0.03,0.145,0.345
Test_133,0.24,0.005,0.115,0.64
Test_134,0.43,0.05,0.4,0.12
Test_135,0.725,0.155,0.035,0.085
Test_136,0.14,0.1,0.4701307923321153,0.28986920766788477
Test_137,0.0961261527111767,0.08434552989803538,0.2562131357618069,0.5633151816289811
Test_138,0.6,0.01,0.29,0.1
Test_139,0.385,0.015,0.55,0.05
Test_140,0.72,0.08,0.045,0.155
Test_141,0.3523894813664344,0.125,0.33141830382917137,0.19119221480439433
Test_142,0.175,0.095,0.29,0.44
Test_143,0.405,0.035,0.36,0.2
Test_144,0.3252978187919463,0.03,0.5047021812080537,0.14
Test_145,0.615,0.045,0.125,0.215
Test_146,0.4,0.125,0.37,0.105
Test_147,0.475,0.02,0.235,0.27
Test_148,0.3926693002257336,0.19,0.305,0.11233069977426638
Test_149,0.38766930022573365,0.035,0.52,0.05733069977426636
Test_150,0.315,0.07,0.17,0.445
Test_151,0.32332922333621,0.02,0.45125002057327607,0.20542075609051388
Test_152,0.53,0.09,0.125,0.255
Test_153,0.2206126377978581,0.044334584976407854,0.6079130781938913,0.12713969903184272
Test_154,0.445,0.015,0.2,0.34
Test_155,0.07,0.055,0.215,0.66
Test_156,0.4157069108962206,0.08399937260464546,0.24529371649913392,0.255
Test_157,0.16,0.015,0.315,0.51
Test_158,0.08334949521116305,0.075,0.16347362437313948,0.6781768804156973
Test_159,0.64,0.005,0.14,0.215
Test_160,0.665,0.01,0.035,0.29
Test_161,0.19,0.065,0.5415557865557865,0.20344421344421346
Test_162,0.125,0.01,0.52,0.345
Test_163,0.49,0.03,0.065,0.415
Test_164,0.07726038398182103,0.14496171194797022,0.2680548317237368,0.5097230723464721
Test_165,0.26716475972540044,0.06,0.48,0.19283524027459953
Test_166,0.2105275087412862,0.04,0.4800682583357464,0.2694042329229674
Test_167,0.425,0.03,0.08014892947103273,0.46485107052896724
Test_168,0.22755557676024196,0.02,0.483677157146456,0.26876726609330204
Test_169,0.3568489420765477,0.036600764515154864,0.4445987224427143,0.16195157096558305
Test_170,0.44686606229030096,0.055,0.4108994813394908,0.08723445637020816
Test_171,0.2473808675410721,0.15634283828196488,0.41534368873166605,0.180932605445297
Test_172,0.72,0.025,0.065,0.19
Test_173,0.27999631354365556,0.07634283828196488,0.19733562616455452,0.44632522200982505
Test_174,0.055897597977243994,0.075,0.29425133149378874,0.5748510705289672
Test_175,0.0804187672417381,0.1504423032926727,0.26140751570801607,0.5077314137575732
Test_176,0.5926693002257336,0.08,0.085,0.24233069977426638
Test_177,0.095,0.0,0.15,0.755
Test_178,0.18724715740259945,0.016600764515154864,0.575582735114092,0.2205693429681537
Test_179,0.6926038835167492,0.05684144502126272,0.08527047381600035,0.1652841976459877
Test_180,0.0877648332813749,0.09949630521496887,0.3566379091924163,0.45610095231124
Test_181,0.06,0.045,0.22014892947103273,0.6748510705289672
Test_182,0.65,0.065,0.09,0.195
Test_183,0.7229420147233603,0.01,0.1566298485321902,0.11042813674444954
Test_184,0.34681982803957745,0.12352053946621083,0.4135617272368869,0.11609790525732486
Test_185,0.585,0.1,0.235,0.08
Test_186,0.725,0.025,0.075,0.175
Test_187,0.29,0.015,0.61,0.085
Test_188,0.2111535935206255,0.04482644286513751,0.48068795055623936,0.26333201305799764
Test_189,0.7768783068783068,0.005,0.1631216931216931,0.055
Test_190,0.45,0.065,0.435,0.05
Test_191,0.34047465001711474,0.05946630873907446,0.4979302266232739,0.10212881462053681
Test_192,0.06644568258829463,0.04,0.30617865107315806,0.5873756663385472
Test_193,0.12202199072370518,0.09232914950516724,0.45512588026748896,0.3305229795036386
Test_194,0.4226038835167492,0.17684144502126273,0.10527047381600037,0.2952841976459877
Test_195,0.2550708693286078,0.13897689174558028,0.21555491631875942,0.3903973226070525
Test_196,0.7,0.045,0.055,0.2
Test_197,0.26,0.355,0.275,0.11
Test_198,0.54,0.035,0.095,0.33
Test_199,0.36079023561420975,0.075,0.45262017101069757,0.11158959337509267
Test_200,0.25,0.09,0.18,0.48
Test_201,0.075,0.0,0.11,0.815
Test_202,0.11557625582993193,0.004444561337237602,0.5700050534010426,0.30997412943178787
Test_203,0.105,0.005,0.055,0.835
Test_204,0.33506092226851786,0.135,0.2465018864747693,0.28343719125671285
Test_205,0.235,0.01,0.095,0.66
Test_206,0.19,0.0,0.53,0.28
Test_207,0.525,0.02,0.35,0.105
Test_208,0.59,0.05,0.14,0.22
Test_209,0.66,0.015,0.065,0.26
Test_210,0.21,0.025,0.5282778932778932,0.23672210672210675
Test_211,0.3192113861817756,0.025,0.5072916948687071,0.14849691894951736
Test_212,0.555,0.04,0.32,0.085
Test_213,0.48,0.005,0.2,0.315
Test_214,0.36677342170078786,0.16933150183150183,0.085,0.37889507646771037
Test_215,0.5918206312548113,0.015,0.305,0.0881793687451886
Test_216,0.375,0.0,0.56,0.065
Test_217,0.085,0.03,0.2844337767067828,0.6005662232932172
Test_218,0.46,0.025,0.405,0.11
Test_219,0.4801571200860137,0.029444561337237603,0.3852611291570369,0.10513718941971177
Test_220,0.075,0.035,0.24,0.65
Test_221,0.525,0.01,0.315,0.15
Test_222,0.64,0.08,0.065,0.215
Test_223,0.315,0.075,0.235,0.375
Test_224,0.46,0.09,0.325,0.125
Test_225,0.1306396688799747,0.09,0.5954041165972458,0.18395621452277947
Test_226,0.315,0.06,0.23,0.395
Test_227,0.07601773899588243,0.05110771831626484,0.36561580590293713,0.5072587367849156
Test_228,0.18029781879194628,0.06,0.7079800744859469,0.051722106722106725
Test_229,0.005,0.0,0.045,0.95
Test_230,0.17,0.05,0.245,0.535
Test_231,0.07156352312200774,0.075,0.2525263499584867,0.6009101269195055
Test_232,0.6,0.16,0.05,0.19
Test_233,0.405,0.0,0.495,0.1
Test_234,0.495,0.055,0.275,0.175
Test_235,0.345,0.115,0.225,0.315
Test_236,0.205,0.015,0.46413172606568837,0.31586827393431166
Test_237,0.08644568258829462,0.07,0.3010297216021253,0.54252459580958
Test_238,0.2994723517088221,0.02,0.5455399148719142,0.1349877334192638
Test_239,0.20891544117647057,0.185,0.33993008727881396,0.26615447154471544
Test_240,0.08983872609792046,0.21966655044026545,0.3545599433110467,0.3359347801507674
Test_241,0.0,0.005,0.06,0.935
Test_242,0.635,0.02,0.195,0.15
Test_243,0.2936565379857445,0.115,0.37057239836034667,0.22077106365390883
Test_244,0.06853233830845772,0.015,0.1464676616915423,0.77
Test_245,0.655,0.03,0.195,0.12
Test_246,0.385,0.01,0.155,0.45
Test_247,0.05144568258829462,0.055,0.2313275805441908,0.6622267368675145
Test_248,0.645,0.025,0.13,0.2
Test_249,0.175,0.015,0.11,0.7
Test_250,0.745,0.0,0.04,0.215
Test_251,0.13,0.015,0.27,0.585
Test_252,0.475,0.105,0.29,0.13
Test_253,0.61,0.055,0.08,0.255
Test_254,0.35346522700747657,0.04482644286513751,0.5294742223267133,0.07223410780067276
Test_255,0.1423120241229567,0.015,0.3866319806342067,0.4560559952428365
Test_256,0.13,0.03,0.085,0.755
Test_257,0.445,0.09,0.385,0.08
Test_258,0.15974318134782722,0.11970483849229525,0.3605876752370291,0.3599643049228483
Test_259,0.52,0.1,0.245,0.135
Test_260,0.20847148730606813,0.04,0.4702176537373493,0.2813108589565826
Test_261,0.25,0.035,0.295,0.42
Test_262,0.1817651465158383,0.045,0.3584574773273878,0.41477737615677385
Test_263,0.3,0.025,0.41,0.265
Test_264,0.675,0.005,0.22,0.1
Test_265,0.82,0.015,0.03,0.135
Test_266,0.095,0.095,0.4937030271398747,0.31629697286012526
Test_267,0.645,0.005,0.31,0.04
Test_268,0.13902632195449724,0.06944990665828576,0.36663165062145514,0.4248921207657619
Test_269,0.62,0.01,0.235,0.135
Test_270,0.465,0.005,0.405,0.125
Test_271,0.04,0.005,0.045,0.91
Test_272,0.425,0.005,0.185,0.385
Test_273,0.2451395257541173,0.045,0.5090501048670515,0.20081036937883115
Test_274,0.295,0.33,0.105,0.27
Test_275,0.565,0.085,0.25,0.1
Test_276,0.025,0.03,0.025,0.92
Test_277,0.54,0.015,0.24,0.205
Test_278,0.045,0.01,0.19370302713987475,0.7512969728601253
Test_279,0.445,0.065,0.395,0.095
Test_280,0.234913977729343,0.23926232063362463,0.22715226391191146,0.29867143772512095
Test_281,0.09875870158742978,0.1297217987804878,0.425230923061413,0.34628857657066947
Test_282,0.4302403433002611,0.12184144502126273,0.15673813550754265,0.2911800761709335
Test_283,0.51,0.02,0.23,0.24
Test_284,0.5026693002257336,0.17,0.22,0.10733069977426636
Test_285,0.105,0.02,0.5088455284552845,0.3661544715447155
Test_286,0.345,0.01,0.49,0.155
Test_287,0.04,0.02,0.105,0.835
Test_288,0.25,0.015,0.345,0.39
Test_289,0.315,0.07,0.2784475218658892,0.3365524781341108
Test_290,0.07707843329720783,0.09,0.20513366902015143,0.6277878976826408
Test_291,0.208420632666091,0.07,0.44448764142766,0.2770917259062489
Test_292,0.36,0.045,0.455,0.14
Test_293,0.02759956712281018,0.09,0.20172655401671566,0.6806738788604741
Test_294,0.585,0.065,0.05,0.3
Test_295,0.47,0.065,0.08,0.385
Test_296,0.06,0.06,0.05,0.83
Test_297,0.055,0.0,0.035,0.91
Test_298,0.08,0.01,0.345,0.565
Test_299,0.63,0.2,0.055,0.115
Test_300,0.14,0.03,0.475,0.355
Test_301,0.27,0.02,0.44,0.27
Test_302,0.3342113861817756,0.03,0.28729169486870704,0.34849691894951734
Test_303,0.20661630670716122,0.02,0.359373225815371,0.4140104674774678
Test_304,0.565,0.1,0.14,0.195
Test_305,0.75,0.04,0.07,0.14
Test_306,0.025534643661106315,0.015,0.4419068805768006,0.517558475762093
Test_307,0.375,0.225,0.285,0.115
Test_308,0.16966803287273918,0.026342838281964882,0.4307171945942653,0.37327193425103067
Test_309,0.33,0.01,0.07596099146688338,0.5840390085331166
Test_310,0.085,0.045,0.06,0.81
Test_311,0.32,0.0,0.615,0.065
Test_312,0.09,0.005,0.295,0.61
Test_313,0.06644568258829463,0.06,0.22212710725142543,0.6514272101602799
Test_314,0.03,0.0,0.1,0.87
Test_315,0.015,0.065,0.23150203409481498,0.6884979659051851
Test_316,0.4,0.025,0.395,0.18
Test_317,0.09471984805318139,0.0,0.717103881639554,0.18817627030726466
Test_318,0.75,0.045,0.04,0.165
Test_319,0.28482411505264216,0.0940363403237971,0.35082286585185984,0.27031667877170096
Test_320,0.305,0.01,0.565,0.12
Test_321,0.3977307692307693,0.07,0.3472692307692308,0.185
Test_322,0.3556821093829672,0.115,0.44166828262350016,0.08764960799353261
Test_323,0.545,0.025,0.17,0.26
Test_324,0.715,0.025,0.195,0.065
Test_325,0.255,0.025,0.22,0.5
Test_326,0.43,0.005,0.11,0.455
Test_327,0.28303277712124236,0.065,0.2946048770075269,0.35736234587123067
Test_328,0.515,0.055,0.14,0.29
Test_329,0.4477401695543414,0.07415687774160054,0.13043692134146545,0.34766603136259255
Test_330,0.10225808673171784,0.055,0.19237991440387095,0.6503619988644113
Test_331,0.395,0.01,0.505,0.09
Test_332,0.14011088077802664,0.024704838492295253,0.5757813614459969,0.25940291928368125
Test_333,0.56,0.05,0.275,0.115
Test_334,0.465,0.025,0.275,0.235
Test_335,0.19784454097931736,0.065,0.5278758432792791,0.20927961574140347
Test_336,0.23413874378342484,0.1102778127701195,0.3601016626825846,0.29548178076387105
Test_337,0.38,0.045,0.42,0.155
Test_338,0.35998965563735963,0.01,0.4532244820238988,0.17678586233874152
Test_339,0.775,0.025,0.04,0.16
Test_340,0.215,0.03,0.57,0.185
Test_341,0.2685323383084577,0.3,0.13646766169154229,0.295
Test_342,0.2009398876463328,0.13134283828196489,0.37538350712222274,0.29233376694947955
Test_343,0.195,0.02,0.19,0.595
Test_344,0.195,0.03,0.1,0.675
Test_345,0.465,0.02,0.42,0.095
Test_346,0.55,0.035,0.075,0.34
Test_347,0.215,0.035,0.085,0.665
Test_348,0.12762598085877733,0.09610771831626483,0.4059023933866646,0.37036390743829317
Test_349,0.01,0.02,0.015,0.955
Test_350,0.1302217215287168,0.075,0.4156963596445727,0.3790819188267105
Test_351,0.035,0.005,0.175,0.785
Test_352,0.505,0.095,0.185,0.215
Test_353,0.495,0.02,0.355,0.13
Test_354,0.565,0.005,0.34,0.09
Test_355,0.31,0.005,0.605,0.08
Test_356,0.795,0.02,0.11,0.075
Test_357,0.53,0.055,0.26,0.155
Test_358,0.3257344577767073,0.05982644286513751,0.5122049915574824,0.10223410780067275
Test_359,0.205,0.07,0.035,0.69
Test_360,0.2036271619349424,0.095,0.39350388424662525,0.3078689538184324
Test_361,0.21,0.04,0.385,0.365
Test_362,0.335,0.035,0.385,0.245
Test_363,0.565,0.025,0.28,0.13
Test_364,0.395,0.16,0.295,0.15
Test_365,0.4357069108962206,0.028999372604645454,0.05116657126938673,0.48412714522974715
Test_366,0.57,0.06,0.115,0.255
Test_367,0.26266930022573365,0.03,0.345,0.36233069977426635
Test_368,0.23233227794758624,0.02,0.2676293832902472,0.4800383387621665
Test_369,0.08,0.005,0.07,0.845
Test_370,0.3,0.08,0.38,0.24
Test_371,0.215,0.045,0.4887030271398747,0.25129697286012526
Test_372,0.36151198471958823,0.02,0.398681193109541,0.21980682217087075
Test_373,0.235,0.035,0.3482778932778933,0.38172210672210677
Test_374,0.5057069108962206,0.06399937260464546,0.08029371649913392,0.35
Test_375,0.08,0.01,0.605,0.305
Test_376,0.545,0.035,0.13,0.29
Test_377,0.30002014733340215,0.015,0.33884925916344466,0.3461305935031532
Test_378,0.7935752772680874,0.01,0.13087382501581257,0.06555089771610002
Test_379,0.495,0.085,0.095,0.325
Test_380,0.235,0.025,0.425,0.315
Test_381,0.18,0.09,0.13,0.6
Test_382,0.48033860045146726,0.05934552989803539,0.08531913851363841,0.37499673113685894
Test_383,0.645,0.09,0.21,0.055
Test_384,0.484897860351021,0.005,0.20879939616494536,0.30130274348403363
Test_385,0.3580808151134554,0.03,0.22503002350648946,0.3868891613800551
Test_386,0.22,0.01,0.16,0.61
Test_387,0.12,0.01,0.4412041751527495,0.4287958248472505
Test_388,0.56,0.165,0.07,0.205
Test_389,0.3,0.14,0.405,0.155
Test_390,0.3147168973725225,0.015,0.43608006834561164,0.23420303428186579
Test_391,0.625,0.015,0.19,0.17
Test_392,0.12,0.05,0.5658645704563688,0.26413542954363123
Test_393,0.06,0.0,0.095,0.845
Test_394,0.3633821944262664,0.03,0.38028871265372144,0.22632909292001208
Test_395,0.2955790147326226,0.03,0.40456590979935725,0.2698550754680202
Test_396,0.105,0.005,0.46055214007782097,0.42944785992217904
Test_397,0.155,0.015,0.295,0.535
Test_398,0.03,0.06,0.095,0.815
Test_399,0.28027393986260185,0.105,0.16113820083757094,0.45358785929982726
Test_400,0.1,0.065,0.495,0.34
Test_401,0.54,0.015,0.265,0.18
Test_402,0.1721788013426415,0.06080914702103934,0.21481701934654118,0.552195032289778
Test_403,0.29143145161290324,0.05985028712059065,0.4218464416649901,0.2268718196015161
Test_404,0.3313445620119914,0.005,0.481036228170304,0.18261920981770455
Test_405,0.115,0.12,0.18079952670723462,0.5842004732927655
Test_406,0.01,0.065,0.17,0.755
Test_407,0.10027393986260183,0.115,0.3262871303086037,0.45843892982879453
Test_408,0.2946507404679196,0.08134283828196487,0.26733586413864285,0.35667055711147255
Test_409,0.19,0.015,0.5674381443298969,0.2275618556701031
Test_410,0.025,0.025,0.15434813687796103,0.795651863122039
Test_411,0.795,0.0,0.17,0.035
Test_412,0.625,0.035,0.095,0.245
Test_413,0.515,0.06,0.13,0.295
Test_414,0.31,0.005,0.475,0.21
Test_415,0.725,0.06,0.045,0.17
Test_416,0.03,0.015,0.045,0.91
Test_417,0.17,0.01,0.815,0.005
Test_418,0.44380552205094054,0.14184144502126272,0.14173813550754263,0.272614897420254
Test_419,0.2553277989263055,0.045,0.5588135480722304,0.14085865300146413
Test_420,0.22,0.1,0.3312041751527495,0.34879582484725047
Test_421,0.11,0.0,0.115,0.775
Test_422,0.6,0.09,0.1,0.21
Test_423,0.64,0.045,0.055,0.26
Test_424,0.3030790713108446,0.045,0.5384518562658411,0.11346907242331426
Test_425,0.1,0.045,0.17014892947103274,0.6848510705289672
Test_426,0.595,0.01,0.355,0.04
Test_427,0.06,0.0,0.37,0.57
Test_428,0.215,0.01,0.35,0.425
Test_429,0.020085129056571907,0.06933458497640785,0.2039859913279166,0.7065942946391037
Test_430,0.525,0.085,0.31,0.08
Test_431,0.3907069108962206,0.058344902502680845,0.14061285501277232,0.4103353315883262
Test_432,0.435,0.145,0.125,0.295
Test_433,0.025,0.005,0.215,0.755
Test_434,0.165,0.005,0.185,0.645
Test_435,0.3613977075980555,0.01,0.46616147532796165,0.1624408170739828
Test_436,0.185,0.03,0.4422463194554377,0.3427536805445623
Test_437,0.565,0.03,0.26,0.145
Test_438,0.185,0.005,0.08,0.73
Test_439,0.4776038835167492,0.05684144502126273,0.08027047381600036,0.38528419764598765
Test_440,0.2106396688799747,0.1,0.5354041165972458,0.15395621452277947
Test_441,0.245,0.045,0.495,0.215
Test_442,0.10903432423862537,0.02,0.5206591380699752,0.35030653769139947
Test_443,0.54,0.105,0.24,0.115
Test_444,0.31656331247025293,0.045,0.4005393115549921,0.2378973759747549
Test_445,0.74,0.045,0.02,0.195
Test_446,0.285,0.05,0.43,0.235
Test_447,0.3502978187919463,0.0,0.5871403255379506,0.0625618556701031
Test_448,0.2097531380753138,0.075,0.3963880333944578,0.31885882853022834
Test_449,0.6776693002257336,0.09,0.135,0.09733069977426637
Test_450,0.35,0.12,0.3,0.23
Test_451,0.155,0.135,0.13,0.58
Test_452,0.255,0.0,0.125,0.62
Test_453,0.145,0.045,0.51,0.3
Test_454,0.45,0.155,0.16,0.235
Test_455,0.15,0.04,0.465,0.345
Test_456,0.15773076923076923,0.07,0.23226923076923076,0.54
Test_457,0.17773076923076922,0.015,0.4172692307692308,0.39
Test_458,0.14623273390669794,0.065,0.40856092193653,0.38020634415677207
Test_459,0.47,0.055,0.195,0.28
Test_460,0.12,0.01,0.06,0.81
Test_461,0.09169413011491638,0.025,0.4264426343928488,0.4568632354922348
Test_462,0.47,0.075,0.11,0.345
Test_463,0.03,0.0,0.035,0.935
Test_464,0.5668783068783069,0.02,0.3581216931216932,0.055
Test_465,0.69,0.0,0.23,0.08
Test_466,0.39,0.13,0.11,0.37
Test_467,0.32614518472041304,0.08,0.4478548971199029,0.14599991815968408
Test_468,0.295,0.04,0.45,0.215
Test_469,0.6818206312548114,0.005,0.2,0.11317936874518861
Test_470,0.09,0.045,0.16014892947103274,0.7048510705289672
Test_471,0.465,0.07,0.275,0.19
Test_472,0.1406396688799747,0.0,0.7471262233193525,0.11223410780067276
Test_473,0.08113423127064433,0.08,0.1388259713777278,0.7000397973516279
Test_474,0.3549963135436556,0.036342838281964884,0.18733562616455451,0.4213252220098251
Test_475,0.11348050036791758,0.059814249363867686,0.28731129974699554,0.5393939505212192
Test_476,0.07,0.0,0.155,0.775
Test_477,0.015,0.015,0.05,0.92
Test_478,0.075,0.03,0.1,0.795
Test_479,0.027669300225733634,0.044496305214968876,0.4179172853509223,0.5099171092083752
Test_480,0.41,0.02,0.125,0.445
Test_481,0.375,0.345,0.085,0.195
Test_482,0.3052484475266218,0.055,0.15541291279072347,0.4843386396826548
Test_483,0.52,0.03,0.42,0.03
Test_484,0.29910424877462605,0.025,0.3738780211058318,0.3020177301195422
Test_485,0.385,0.015,0.485,0.115
Test_486,0.005,0.005,0.01,0.98
Test_487,0.68,0.165,0.06,0.095
Test_488,0.24424693726626523,0.12,0.3541327111848909,0.28162035154884385
Test_489,0.0709418551237978,0.08950695380110997,0.417823441295251,0.4217277497798412
Test_490,0.6,0.085,0.145,0.17
Test_491,0.3334032907081192,0.055,0.2645409913602617,0.3470557179316191
Test_492,0.085,0.005,0.215,0.695
Test_493,0.46,0.095,0.16,0.285
Test_494,0.35268659263055313,0.06,0.3053878721708225,0.2819255351986243
Test_495,0.16624410764242,0.07906008583690988,0.46031398760917597,0.29438181891149406
Test_496,0.42867919818528727,0.075,0.32056048581998525,0.1757603159947275
Test_497,0.12524844752662176,0.04,0.3947603392613117,0.4399912132120665
Test_498,0.505,0.0,0.435,0.06
Test_499,0.37,0.06,0.245,0.325
Test_500,0.48,0.105,0.35,0.065
Test_501,0.425,0.005,0.365,0.205
Test_502,0.4526693002257336,0.05,0.285,0.21233069977426638
Test_503,0.4457069108962206,0.028999372604645454,0.04529371649913392,0.48
Test_504,0.445,0.105,0.165,0.285
Test_505,0.14,0.135,0.1735530445620922,0.5514469554379078
Test_506,0.27961752890562663,0.055,0.2864895911342548,0.3788928799601186
Test_507,0.29,0.01,0.14,0.56
Test_508,0.09508512905657192,0.09433458497640786,0.3402829641880418,0.4702973217789784
Test_509,0.34989487873718983,0.07,0.3597623173213195,0.22034280394149067
Test_510,0.63,0.055,0.055,0.26
Test_511,0.055,0.035,0.21,0.7
Test_512,0.3484805003679176,0.065,0.445,0.14151949963208243
Test_513,0.225,0.135,0.085,0.555
Test_514,0.2691189327298067,0.23335482159637425,0.31788274517670223,0.17964350049711675
Test_515,0.2856993456482929,0.0957024874047719,0.18297597704174748,0.43562218990518775
Test_516,0.31155373722254265,0.14,0.3014676616915423,0.24697860108591507
Test_517,0.02,0.0,0.045,0.935
Test_518,0.2,0.115,0.13,0.555
Test_519,0.42,0.08,0.45,0.05
Test_520,0.555,0.15,0.065,0.23
Test_521,0.26266930022573365,0.015,0.305,0.4173306997742664
Test_522,0.165,0.045,0.64,0.15
Test_523,0.41,0.19,0.33,0.07
Test_524,0.2967299786896716,0.11948807782929333,0.4665344071846168,0.1172475362964183
Test_525,0.27594941592816885,0.12600075768215233,0.4571172209443818,0.14093260544529695
Test_526,0.36682063125481135,0.035,0.13,0.4681793687451886
Test_527,0.485,0.015,0.29,0.21
Test_528,0.48,0.035,0.345,0.14
Test_529,0.12653619370816233,0.049506953801109976,0.42510781853450963,0.39884903395621807
Test_530,0.33,0.015,0.38327789327789324,0.2717221067221067
Test_531,0.3368206312548114,0.035,0.155,0.4731793687451886
Test_532,0.16527393986260183,0.12,0.17613820083757095,0.5385878592998272
Test_533,0.24760388351674922,0.2668414450212627,0.15027047381600034,0.33528419764598766
Test_534,0.1134055033076369,0.03,0.5639651217022724,0.2926293749900906
Test_535,0.13,0.06,0.602438144329897,0.2075618556701031
Test_536,0.43,0.01,0.085,0.475
Test_537,0.6526693002257337,0.09,0.155,0.10233069977426636
Test_538,0.13402107686676176,0.045,0.5196090772430303,0.301369845890208
Test_539,0.59,0.01,0.33,0.07
Test_540,0.1679778687348394,0.035,0.6437897350834771,0.1532323961816834
Test_541,0.3507688066822585,0.025,0.36707492374216033,0.2571562695755812
Test_542,0.51,0.045,0.23,0.215
Test_543,0.32,0.04,0.165,0.475
Test_544,0.165665878959316,0.02,0.47044625716578126,0.3438878638749028
Test_545,0.75,0.065,0.05,0.135
Test_546,0.3626693002257336,0.28,0.2,0.15733069977426636
Test_547,0.2544917066980023,0.045,0.32888549607837475,0.3716227972236229
Test_548,0.155,0.1,0.245,0.5
Test_549,0.01,0.03,0.025,0.935
Test_550,0.09613423127064434,0.09,0.20688506042163424,0.6069807083077214
Test_551,0.45,0.125,0.27,0.155
Test_552,0.65,0.055,0.085,0.21
Test_553,0.2585323383084577,0.02,0.2864676616915423,0.435
Test_554,0.475,0.13,0.125,0.27
Test_555,0.435,0.16,0.155,0.25
Test_556,0.6376693002257336,0.03,0.145,0.1873306997742664
Test_557,0.43,0.015,0.165,0.39
Test_558,0.275,0.13,0.09,0.505
Test_559,0.545,0.02,0.29,0.145
Test_560,0.21593433275607818,0.029331501831501836,0.45294231619730146,0.30179184921511837
Test_561,0.365,0.03,0.22,0.385
Test_562,0.415,0.015,0.16587285477025282,0.4041271452297472
Test_563,0.47,0.02,0.425,0.085
Test_564,0.535,0.045,0.135,0.285
Test_565,0.2682103469186835,0.03,0.4950007029420085,0.206788950139308
Test_566,0.30070691089622065,0.05899937260464545,0.07029371649913392,0.57
Test_567,0.21,0.07,0.24306664937759337,0.47693335062240666
Test_568,0.205,0.03,0.265,0.5
Test_569,0.2255275087412862,0.03,0.4526301140058495,0.29184237725286427
Test_570,0.385,0.03,0.365,0.22
Test_571,0.57,0.105,0.18,0.145
Test_572,0.12144568258829462,0.02,0.3410297216021253,0.51752459580958
Test_573,0.55,0.065,0.105,0.28
Test_574,0.28127927927927926,0.085,0.5015170553349685,0.1322036653857523
Test_575,0.14613423127064432,0.04,0.2563045885692633,0.5575611801600924
Test_576,0.2855275087412862,0.1,0.3726301140058495,0.24184237725286428
Test_577,0.10701799235526688,0.16446630873907445,0.24177613790074332,0.4867395610049154
Test_578,0.38,0.03,0.515,0.075
Test_579,0.42766930022573363,0.025,0.46,0.08733069977426636
Test_580,0.3491027860093736,0.04,0.42195146088755126,0.1889457531030751
Test_581,0.34,0.2,0.34,0.12
Test_582,0.125,0.03,0.125,0.72
Test_583,0.27566236952366535,0.07,0.322922555076605,0.3314150753997297
Test_584,0.33,0.035,0.58,0.055
Test_585,0.085,0.025,0.4850912861422752,0.4049087138577248
Test_586,0.39,0.135,0.11,0.365
Test_587,0.105,0.05,0.125,0.72
Test_588,0.525,0.005,0.19,0.28
Test_589,0.39,0.045,0.08,0.485
Test_590,0.28515642803774827,0.1,0.23432899159820675,0.38051458036404495
Test_591,0.285,0.05,0.62,0.045
Test_592,0.435,0.005,0.35,0.21
Test_593,0.09182771235049961,0.07884153877751783,0.3322382756004114,0.49709247327157113
Test_594,0.39,0.04,0.105,0.465
Test_595,0.08,0.015,0.125,0.78
Test_596,0.065,0.115,0.2873473049143144,0.5326526950856855
Test_597,0.075,0.05,0.155,0.72
Test_598,0.285,0.015,0.22,0.48
Test_599,0.625,0.015,0.055,0.305
Test_600,0.32,0.02,0.14,0.52
Test_601,0.13613423127064433,0.08934552989803539,0.28720419893527266,0.48731603989604766
Test_602,0.16847948881437402,0.13611879959380277,0.2653016840194409,0.43010002757238225
Test_603,0.050085129056571906,0.06933458497640785,0.2752829641880418,0.6052973217789784
Test_604,0.39,0.0,0.595,0.015
Test_605,0.35,0.035,0.545,0.07
Test_606,0.48,0.015,0.19,0.315
Test_607,0.425,0.035,0.125,0.415
Test_608,0.84,0.04,0.055,0.065
Test_609,0.225,0.03,0.54,0.205
Test_610,0.18,0.045,0.10094845617826737,0.6740515438217326
Test_611,0.335,0.08,0.105,0.48
Test_612,0.375,0.055,0.49,0.08
Test_613,0.07162849756333117,0.005,0.3818505557988045,0.5415209466378643
Test_614,0.115,0.07,0.15,0.665
Test_615,0.11,0.015,0.25,0.625
Test_616,0.04004425714655382,0.05900325901607885,0.24336043134552404,0.6575920524918434
Test_617,0.51,0.02,0.33,0.14
Test_618,0.07,0.035,0.24025445308864501,0.654745546911355
Test_619,0.12,0.015,0.065,0.8
Test_620,0.05,0.03,0.29,0.63
Test_621,0.33,0.0,0.625,0.045
Test_622,0.22030061854931834,0.05,0.17049961956083895,0.5591997618898428
Test_623,0.25134456201199146,0.025,0.38330426962725866,0.3403511683607499
Test_624,0.22,0.015,0.1,0.665
Test_625,0.2961261527111767,0.075,0.29616977130210254,0.3327040759867208
Test_626,0.1702544917142877,0.01,0.4942786841165011,0.32546682416921124
Test_627,0.835,0.025,0.08,0.06
Test_628,0.205,0.02,0.285,0.49
Test_629,0.4685752772680874,0.03,0.28587382501581254,0.21555089771610003
Test_630,0.65,0.01,0.195,0.145
Test_631,0.295,0.025,0.305,0.375
Test_632,0.305,0.025,0.225,0.445
Test_633,0.68,0.0,0.155,0.165
Test_634,0.035,0.005,0.005,0.955
Test_635,0.615,0.035,0.285,0.065
Test_636,0.1418206312548114,0.055,0.27827789327789326,0.5249014754672953
Test_637,0.24888531977149927,0.045,0.33167112671878923,0.3744435535097115
Test_638,0.535,0.065,0.2,0.2
Test_639,0.35,0.06,0.18,0.41
Test_640,0.12011088077802665,0.17905036839033067,0.2579415635732134,0.4428971872584293
Test_641,0.385,0.105,0.405,0.105
Test_642,0.13671701744238798,0.025,0.21561361796151726,0.6226693645960948
Test_643,0.21891544117647058,0.01,0.5685227031534263,0.2025618556701031
Test_644,0.2753112713157314,0.05,0.2590636614996342,0.4156250671846344
Test_645,0.49,0.015,0.32,0.175
Test_646,0.395,0.01,0.105,0.49
Test_647,0.49182063125481135,0.12433150183150182,0.085,0.29884786691368675
Test_648,0.40113423127064435,0.04,0.30533258228752347,0.2535331864418322
Test_649,0.075,0.005,0.81,0.11
Test_650,0.645,0.06,0.115,0.18
Test_651,0.05182063125481139,0.045,0.19,0.7131793687451886
Test_652,0.17123273390669794,0.0,0.4782376710371315,0.35052959505617054
Test_653,0.33019736110045544,0.07446630873907446,0.26176305770921393,0.3335732724512562
Test_654,0.235,0.005,0.71,0.05
Test_655,0.15202994810672257,0.05,0.31695207243825035,0.4810179794550271
Test_656,0.060437229685217544,0.14,0.27441360964614675,0.5251491606686356
Test_657,0.1155198792617384,0.005,0.3666286510202642,0.5128514697179974
Test_658,0.18644300351235935,0.0,0.7125570783279565,0.10099991815968408
Test_659,0.115,0.15449630521496888,0.17062807049205816,0.559875624292973
Test_660,0.3502978187919463,0.025,0.5197021812080537,0.105
Test_661,0.02,0.005,0.01,0.965
Test_662,0.155,0.015,0.125,0.705
Test_663,0.285,0.045,0.16,0.51
Test_664,0.385,0.025,0.09055214007782102,0.499447859922179
Test_665,0.30011088077802667,0.06970483849229525,0.3858228658518598,0.2443614148778183
Test_666,0.195,0.04,0.125,0.64
Test_667,0.21678246168139054,0.09927100420237511,0.5150420786032206,0.16890445551301383
Test_668,0.4585323383084577,0.095,0.1764676616915423,0.27
Test_669,0.205,0.075,0.205,0.515
Test_670,0.365,0.095,0.11,0.43
Test_671,0.39,0.07,0.165,0.375
Test_672,0.69,0.0,0.29,0.02
Test_673,0.035,0.01,0.060598431174089064,0.8944015688259109
Test_674,0.482066387662413,0.05651817500699088,0.32255292177360784,0.13886251555698828
Test_675,0.57,0.005,0.395,0.03
Test_676,0.2226693002257336,0.04,0.585,0.15233069977426636
Test_677,0.3468490194135201,0.01,0.20653650909010823,0.43661447149637167
Test_678,0.295,0.05,0.24306664937759337,0.41193335062240666
Test_679,0.15511088077802665,0.04436275789248269,0.4898047298310538,0.3107216314984369
Test_680,0.34208596329468577,0.046600764515154866,0.42390389886311153,0.18740937332704774
Test_681,0.32,0.04,0.16,0.48
Test_682,0.445,0.095,0.34,0.12
Test_683,0.1612948977309825,0.17449630521496887,0.34554540944503787,0.3186633876090108
Test_684,0.125,0.085,0.21081938266457914,0.5791806173354209
Test_685,0.725,0.005,0.08,0.19
Test_686,0.1522836806551422,0.07950695380110998,0.3985162204742086,0.3696931450695394
Test_687,0.315,0.035,0.53,0.12
Test_688,0.26659307547013056,0.09634283828196487,0.2848689063234422,0.3521951799244624
Test_689,0.11378078583507946,0.06,0.5019302780902998,0.3242889360746207
Test_690,0.08,0.025,0.255,0.64
Test_691,0.4953959085228988,0.005,0.18971935347109714,0.3098847380060041
Test_692,0.48353233830845765,0.07,0.12426399630579,0.3222036653857523
Test_693,0.33,0.395,0.145,0.13
Test_694,0.15,0.065,0.2757995267072346,0.5092004732927653
Test_695,0.52,0.11,0.22,0.15
Test_696,0.22,0.0,0.535,0.245
Test_697,0.04,0.035,0.155,0.77
Test_698,0.655,0.025,0.21,0.11
Test_699,0.250305376344086,0.05,0.41894949621963207,0.2807451274362818
Test_700,0.63,0.005,0.365,0.0
Test_701,0.1,0.025,0.18642499484807382,0.6885750051519262
Test_702,0.105,0.01,0.125,0.76
Test_703,0.3548161683507081,0.006600764515154864,0.4528419097793402,0.18574115735479688
Test_704,0.245,0.065,0.24,0.45
Test_705,0.725,0.1,0.065,0.11
Test_706,0.41,0.075,0.34327789327789326,0.17172210672210675
Test_707,0.1,0.005,0.12,0.775
Test_708,0.15266930022573363,0.03,0.27583344466640175,0.5414972551078646
Test_709,0.765,0.04,0.08,0.115
Test_710,0.025897597977243992,0.025,0.2194002609648215,0.7297021410579344
Test_711,0.65,0.03,0.09,0.23
Test_712,0.13,0.045,0.51,0.315
Test_713,0.12683493728327308,0.05,0.4260401689556481,0.39712489376107885
Test_714,0.0860293310831354,0.23933458497640786,0.22480624067909155,0.44982984326136516
Test_715,0.77,0.025,0.095,0.11
Test_716,0.13,0.005,0.415,0.45
Test_717,0.19687479443773917,0.05,0.4906673382528565,0.26245786730940435
Test_718,0.35789212034788626,0.04,0.3797505256695286,0.22235735398258513
Test_719,0.43,0.01,0.135,0.425
Test_720,0.1713492159999429,0.05660076451515486,0.4663321078993273,0.30571791158557493
Test_721,0.26,0.09,0.135,0.515
Test_722,0.32287114311464593,0.095,0.32266982817813444,0.25945902870721965
Test_723,0.715,0.01,0.215,0.06
Test_724,0.59,0.02,0.15,0.24
Test_725,0.36,0.025,0.56,0.055
Test_726,0.2565404793079928,0.04982290150412421,0.48409956992534087,0.2095370492625422
Test_727,0.735,0.01,0.085,0.17
Test_728,0.2768206312548114,0.085,0.135,0.5031793687451886
Test_729,0.555,0.065,0.36,0.02
Test_730,0.575,0.035,0.125,0.265
Test_731,0.5953386004514672,0.03,0.045,0.32966139954853274
Test_732,0.45,0.05,0.085,0.415
Test_733,0.0815207931187645,0.15720254072654577,0.33449200461852563,0.42678466153616407
Test_734,0.2300851290565719,0.09433458497640786,0.2252829641880418,0.4502973217789784
Test_735,0.58,0.04,0.19,0.19
Test_736,0.66,0.05,0.15,0.14
Test_737,0.045,0.005,0.185,0.765
Test_738,0.35,0.105,0.24,0.305
Test_739,0.52,0.015,0.31,0.155
Test_740,0.295,0.04,0.155,0.51
Test_741,0.375,0.145,0.11,0.37
Test_742,0.575,0.005,0.33,0.09
Test_743,0.186208269353384,0.055849792083074855,0.29972124034088865,0.4582206982226525
Test_744,0.685,0.2,0.045,0.07
Test_745,0.515,0.04,0.295,0.15
Test_746,0.315,0.045,0.115,0.525
Test_747,0.33,0.1,0.47,0.1
Test_748,0.22539576365663322,0.045,0.30960423634336676,0.42
Test_749,0.205,0.045,0.4,0.35
Test_750,0.3221647597254005,0.065,0.4,0.21283524027459955
Test_751,0.7,0.065,0.035,0.2
Test_752,0.215,0.0,0.255,0.53
Test_753,0.08137460023779845,0.045,0.4147585090120063,0.45886689075019516
Test_754,0.02,0.015,0.055,0.91
Test_755,0.4112310107219395,0.036667887886400234,0.35181690374567254,0.2002841976459877
Test_756,0.425,0.04,0.43243814432989697,0.10256185567010309
Test_757,0.4,0.015,0.425,0.16
Test_758,0.29,0.01,0.305,0.395
Test_759,0.56,0.02,0.24,0.18
Test_760,0.535,0.08,0.21,0.175
Test_761,0.635,0.025,0.09,0.25
Test_762,0.1443316967600804,0.049506953801109976,0.424852305365327,0.3813090440734827
Test_763,0.535,0.05,0.27,0.145
Test_764,0.76,0.035,0.19,0.015
Test_765,0.41,0.015,0.52,0.055
Test_766,0.3205666666442438,0.1,0.32039677371609815,0.259036559639658
Test_767,0.395,0.1,0.22,0.285
Test_768,0.38942451477156065,0.06684144502126271,0.28527047381600035,0.2584635663911763
Test_769,0.44410412147505424,0.024820014003979755,0.07511799497729393,0.45595786954367207
Test_770,0.2003529695632691,0.105,0.3164676616915423,0.37817936874518865
Test_771,0.4880450557202803,0.03160076451515487,0.33740674446524577,0.14294743529931916
Test_772,0.47,0.07867703172953722,0.08031913851363841,0.37100382975682433
Test_773,0.525,0.045,0.305,0.125
Test_774,0.07169413011491638,0.03,0.38950928377044214,0.5087965861146414
Test_775,0.585,0.04,0.095,0.28
Test_776,0.43,0.18,0.055,0.335
Test_777,0.3625831547292907,0.025,0.28793488156969405,0.3244819637010153
Test_778,0.3172294543368869,0.085,0.18234240891866363,0.41542813674444956
Test_779,0.225,0.025,0.52,0.23
Test_780,0.335,0.105,0.23,0.33
Test_781,0.185,0.005,0.5374381443298969,0.2725618556701031
Test_782,0.10182063125481139,0.2,0.26,0.43817936874518865
Test_783,0.19594941592816886,0.21134283828196487,0.3267751403445693,0.265932605445297
Test_784,0.3202978187919463,0.005,0.6147021812080538,0.06
Test_785,0.7168206312548113,0.025,0.14,0.1181793687451886
Test_786,0.425,0.04,0.07,0.465
Test_787,0.11,0.03,0.505,0.355
Test_788,0.43,0.17,0.24,0.16
Test_789,0.2453957636566332,0.02,0.26460423634336677,0.47
Test_790,0.16,0.04,0.145,0.655
Test_791,0.13,0.05,0.075,0.745
Test_792,0.345,0.06,0.45827789327789326,0.13672210672210672
Test_793,0.17851096285678403,0.09805685449355604,0.49233427739233504,0.23109790525732485
Test_794,0.05,0.005,0.23,0.715
Test_795,0.04,0.0,0.11,0.85
Test_796,0.635,0.0,0.23,0.135
Test_797,0.785,0.03,0.08,0.105
Test_798,0.29643145161290324,0.105,0.3385685483870968,0.26
Test_799,0.53,0.085,0.225,0.16
Test_800,0.5070557776360051,0.025,0.2095768521556873,0.2583673702083077
Test_801,0.21,0.115,0.485,0.19
Test_802,0.08,0.07,0.18514892947103273,0.6648510705289672
Test_803,0.355,0.01,0.57,0.065
Test_804,0.315,0.045,0.11,0.53
Test_805,0.455,0.105,0.35,0.09
Test_806,0.2168206312548114,0.125,0.325,0.33317936874518866
Test_807,0.175,0.03,0.175,0.62
Test_808,0.26,0.18782219570405728,0.2887030271398747,0.263474777156068
Test_809,0.145,0.0,0.025,0.83
Test_810,0.24046902963026315,0.0833660433667843,0.25707283054915153,0.4190920964538011
Test_811,0.5,0.005,0.38,0.115
Test_812,0.46,0.005,0.45,0.085
Test_813,0.535,0.015,0.39,0.06
Test_814,0.18,0.005,0.125,0.69
Test_815,0.15,0.06,0.3937030271398747,0.3962969728601253
Test_816,0.0459442020265635,0.155,0.1927734828167973,0.6062823151566392
Test_817,0.11,0.1,0.355,0.435
Test_818,0.1153529695632691,0.07,0.16953431106913563,0.6451127193675953
Test_819,0.33,0.01,0.56,0.1
Test_820,0.575,0.005,0.34,0.08
Test_821,0.09,0.2078221957040573,0.215,0.4871778042959427
Test_822,0.155,0.01,0.29,0.545
Test_823,0.28,0.035,0.36,0.325
Test_824,0.10121814188916531,0.055,0.2525948279510273,0.5911870301598073
Test_825,0.265,0.05,0.05,0.635
Test_826,0.305,0.015,0.595,0.085
Test_827,0.45,0.14,0.185,0.225
Test_828,0.15273076923076923,0.075,0.09226923076923077,0.68
Test_829,0.12,0.014345529898035387,0.08775728284353532,0.7778971872584293
Test_830,0.325,0.01,0.485,0.18
Test_831,0.33,0.18946829289432687,0.3153937851685544,0.16513792193711876
Test_832,0.81,0.02,0.075,0.095
Test_833,0.1726641855196012,0.095,0.3646342299121557,0.36770158456824303
Test_834,0.56,0.11,0.07,0.26
Test_835,0.3283989820383523,0.05,0.40094150206696144,0.2206595158946862
Test_836,0.23242907987293052,0.07465791940018744,0.5168591359347809,0.17605386479210108
Test_837,0.11,0.005,0.165,0.72
Test_838,0.18342216484582477,0.09,0.3265983715480386,0.3999794636061367
Test_839,0.19557455841192017,0.08434552989803538,0.1719569589120483,0.5481229527779962
Test_840,0.175,0.005,0.795,0.025
Test_841,0.2954350769317061,0.09,0.2674345215344203,0.34713040153387353
Test_842,0.785,0.015,0.075,0.125
Test_843,0.096660796372283,0.075,0.27104115824203784,0.5572980453856792
Test_844,0.12,0.075,0.22161213360599863,0.5833878663940014
Test_845,0.06148283665462745,0.19883089019137676,0.3383867846719948,0.4012994884820011
Test_846,0.3877058450055111,0.015,0.5096270047313454,0.08766715026314359
Test_847,0.39,0.07,0.275,0.265
Test_848,0.5,0.035,0.255,0.21
Test_849,0.09,0.005,0.08,0.825
Test_850,0.45,0.0,0.29,0.26
Test_851,0.1793872938018945,0.04996171194797021,0.42021751762082615,0.3504334766293092
Test_852,0.06008512905657191,0.07819928171046694,0.4464182674539828,0.41529732177897843
Test_853,0.285,0.0,0.175,0.54
Test_854,0.37,0.135,0.15,0.345
Test_855,0.05645489209519314,0.035,0.2731936039821155,0.6353515039226914
Test_856,0.2777307692307692,0.05,0.40226923076923077,0.27
Test_857,0.115,0.005,0.665,0.215
Test_858,0.1,0.04,0.425,0.435
Test_859,0.31,0.065,0.385,0.24
Test_860,0.21,0.035,0.5574381443298969,0.1975618556701031
Test_861,0.08613423127064435,0.04,0.25775791519188707,0.6161078535374687
Test_862,0.4385752772680874,0.02,0.3858738250158126,0.15555089771610003
Test_863,0.09,0.05,0.25,0.61
Test_864,0.66,0.1,0.12,0.12
Test_865,0.145,0.125,0.4227792173036494,0.30722078269635056
Test_866,0.4226693002257336,0.075,0.415,0.08733069977426636
Test_867,0.04,0.075,0.15514892947103273,0.7298510705289672
Test_868,0.057030546032588524,0.03,0.27379609128174015,0.6391733626856713
Test_869,0.495,0.005,0.37,0.13
Test_870,0.245,0.15,0.17,0.435
Test_871,0.318582163387878,0.05,0.44534958845573713,0.1860682481563848
Test_872,0.13734562850309742,0.05950695380110997,0.2882391019113429,0.5149083157844496
Test_873,0.14,0.04,0.31870302713987475,0.5012969728601253
Test_874,0.35,0.025,0.34,0.285
Test_875,0.24266930022573363,0.02,0.4006845151953691,0.3366461845788973
Test_876,0.495,0.02,0.26,0.225
Test_877,0.33,0.005,0.355,0.31
Test_878,0.28515712008601374,0.0944445613372376,0.2952611291570369,0.32513718941971176
Test_879,0.55,0.125,0.085,0.24
Test_880,0.34583805636134196,0.016600764515154864,0.5163060021947844,0.12125517692871866
Test_881,0.55,0.02,0.35,0.08
Test_882,0.495,0.05,0.115,0.34
Test_883,0.2198879948403779,0.09600075768215233,0.3684663323978339,0.3156449150796359
Test_884,0.2418206312548114,0.06,0.11,0.5881793687451886
Test_885,0.27,0.41,0.155,0.165
Test_886,0.415,0.045,0.49,0.05
Test_887,0.3561026745528538,0.09899937260464546,0.1048979528425007,0.44
Test_888,0.66,0.03,0.08,0.23
Test_889,0.2318206312548114,0.2,0.11,0.45817936874518866
Test_890,0.275,0.025,0.445,0.255
Test_891,0.37,0.005,0.42,0.205
Test_892,0.20127927927927927,0.005,0.6372816426572507,0.15643907806347002
Test_893,0.125,0.165,0.155,0.555
Test_894,0.075,0.1,0.25155578655578653,0.5734442134442135
Test_895,0.295,0.055,0.40827789327789327,0.24172210672210676
Test_896,0.6857069108962206,0.08899937260464545,0.06529371649913392,0.16
Test_897,0.205,0.0,0.785,0.01
Test_898,0.53,0.06,0.21,0.2
Test_899,0.42182063125481134,0.005,0.49,0.08317936874518861
Test_900,0.1289689593483112,0.055,0.31706766330264224,0.4989633773490465
Test_901,0.8,0.0,0.035,0.165
Test_902,0.365,0.16,0.305,0.17
Test_903,0.365,0.035,0.435,0.165
Test_904,0.07530061854931834,0.04,0.31549961956083894,0.5691997618898427
Test_905,0.31,0.095,0.085,0.51
Test_906,0.435,0.12,0.29,0.155
Test_907,0.195,0.0,0.69,0.115
Test_908,0.1,0.035,0.2615114398924345,0.6034885601075655
Test_909,0.485,0.02,0.35,0.145
Test_910,0.11,0.10949630521496888,0.18533021154999268,0.5951734832350385
Test_911,0.125,0.005,0.26014892947103274,0.6098510705289673
Test_912,0.085,0.0,0.27,0.645
Test_913,0.535,0.035,0.385,0.045
Test_914,0.15,0.02,0.3616121336059986,0.4683878663940013
Test_915,0.355,0.025,0.525,0.095
Test_916,0.08008512905657192,0.06933458497640785,0.3702829641880418,0.48029732177897844
Test_917,0.26,0.07,0.27099906626642695,0.3990009337335731
Test_918,0.2239354392458776,0.0944445613372376,0.6299633103650906,0.051656689051794186
Test_919,0.34454858560804796,0.035,0.35310746518319147,0.2673439492087606
Test_920,0.4235752772680874,0.02,0.4708738250158126,0.08555089771610003
Test_921,0.22039576365663321,0.1791655439020151,0.29067995495648086,0.3097587374848708
Test_922,0.32608383587853984,0.015,0.2565757487506453,0.40234041537081483
Test_923,0.3656623695236654,0.065,0.3154844107467081,0.2538532197296266
Test_924,0.55,0.15,0.23,0.07
Test_925,0.65,0.005,0.05,0.295
Test_926,0.53,0.01,0.31,0.15
Test_927,0.33,0.01,0.615,0.045
Test_928,0.54,0.025,0.255,0.18
Test_929,0.43,0.03,0.165,0.375
Test_930,0.555,0.005,0.11,0.33
Test_931,0.195,0.025,0.5791317260656883,0.20086827393431164
Test_932,0.19123273390669795,0.015,0.42,0.3737672660933021
Test_933,0.345,0.05,0.475,0.13
Test_934,0.07238616677117285,0.054506953801109974,0.32687213478750693,0.5462347446402103
Test_935,0.34,0.02,0.095,0.545
Test_936,0.52,0.015,0.16,0.305
Test_937,0.3910250240615977,0.05,0.4239749759384023,0.135
Test_938,0.5,0.095,0.07,0.335
Test_939,0.23595433361750498,0.01,0.6123791133844843,0.14166655299801081
Test_940,0.367460225320366,0.045,0.35560722054479244,0.23193255413484157
Test_941,0.14053464366110632,0.055,0.3139985321696825,0.4904668241692112
Test_942,0.3939097869156759,0.14553554162233606,0.14527047381600033,0.3152841976459877
Test_943,0.30533810233318326,0.044961711947970204,0.523492162881849,0.12620802283699753
Test_944,0.12682063125481138,0.07,0.06,0.7431793687451886
Test_945,0.3302978187919463,0.035,0.4697021812080537,0.165
Test_946,0.535,0.04,0.11096099146688339,0.3140390085331166
Test_947,0.765,0.03,0.05,0.155
Test_948,0.35886152334513866,0.025,0.4173039305792032,0.1988345460756582
Test_949,0.385,0.065,0.445,0.105
Test_950,0.27,0.055,0.18,0.495
Test_951,0.26849760979826487,0.018470670391061452,0.3870137403556466,0.3260179794550271
Test_952,0.12511088077802665,0.08970483849229526,0.3560713045312567,0.42911297619842137
Test_953,0.15,0.025,0.025,0.8
Test_954,0.282063704413241,0.04,0.4216081990925788,0.2563280964941802
Test_955,0.1,0.01,0.245,0.645
Test_956,0.04,0.045,0.20120417515274946,0.7137958248472505
Test_957,0.39,0.035,0.405,0.17
Test_958,0.15648695189630177,0.05397326254018443,0.1967659184607373,0.5927738671027766
Test_959,0.755,0.135,0.045,0.065
Test_960,0.81,0.0,0.055,0.135
Test_961,0.315,0.025,0.61,0.05
Test_962,0.54,0.06,0.245,0.155
Test_963,0.525,0.095,0.245,0.135
Test_964,0.74,0.035,0.04,0.185
Test_965,0.285,0.05,0.345,0.32
Test_966,0.405,0.025,0.105,0.465
Test_967,0.07144568258829462,0.055,0.17632758054419082,0.6972267368675145
Test_968,0.050897597977244,0.03,0.2144002609648215,0.7047021410579345
Test_969,0.56,0.0,0.125,0.315
Test_970,0.47,0.05,0.385,0.095
Test_971,0.315,0.0,0.265,0.42
Test_972,0.51,0.2,0.075,0.215
Test_973,0.16524844752662177,0.05482290150412421,0.24222200084994241,0.5377066501193116
Test_974,0.32,0.08,0.38,0.22
Test_975,0.215,0.01,0.14514892947103275,0.6298510705289673
Test_976,0.21,0.04,0.3080886125027132,0.4419113874972868
Test_977,0.57,0.035,0.295,0.1
Test_978,0.17,0.01,0.30226394907640475,0.5177360509235953
Test_979,0.425,0.035,0.155,0.385
Test_980,0.5976693002257336,0.14,0.135,0.12733069977426636
Test_981,0.045,0.01,0.03,0.915
Test_982,0.4,0.035,0.4,0.165
Test_983,0.795,0.03,0.02,0.155
Test_984,0.055,0.045,0.1302978589420655,0.7697021410579344
Test_985,0.305,0.13,0.255,0.31
Test_986,0.055,0.005,0.485,0.455
Test_987,0.1909494159281689,0.04634283828196488,0.2971379514128169,0.4655697943770493
Test_988,0.46,0.12,0.18,0.24
Test_989,0.69,0.005,0.23,0.075
Test_990,0.02,0.01,0.02,0.95
Test_991,0.195,0.03,0.245,0.53
Test_992,0.525,0.08,0.18,0.215
Test_993,0.08,0.075,0.185,0.66
Test_994,0.09,0.065,0.34,0.505
Test_995,0.335,0.005,0.5132778932778933,0.14672210672210673
Test_996,0.26224467750360936,0.14857301018312438,0.21767051353512507,0.37151179877814117
Test_997,0.36039576365663323,0.02465791940018744,0.3486493440830541,0.26629697286012527
Test_998,0.285,0.02,0.48434742647058826,0.21065257352941175
Test_999,0.2968703626163316,0.11453128135743278,0.5063642482255629,0.08223410780067276
Test_1000,0.235,0.085,0.195,0.485
Test_1001,0.445,0.08,0.165,0.31
Test_1002,0.40162534159537683,0.03482644286513751,0.2797809494461836,0.28376726609330205
Test_1003,0.075,0.03,0.675,0.22
Test_1004,0.11,0.355,0.2036189662516458,0.33138103374835426
Test_1005,0.19391544117647058,0.055,0.5510845588235295,0.2
Test_1006,0.435,0.02,0.185,0.36
Test_1007,0.06607628146057094,0.029506953801109972,0.23748757603542717,0.6669291887028919
Test_1008,0.6,0.095,0.07,0.235
Test_1009,0.505,0.11,0.095,0.29
Test_1010,0.415,0.065,0.415,0.105
Test_1011,0.41,0.005,0.525,0.06
Test_1012,0.19,0.005,0.295,0.51
Test_1013,0.03620886929297542,0.035,0.24282215978554497,0.6859689709214796
Test_1014,0.16427853925557678,0.03,0.2575807438488823,0.548140716895541
Test_1015,0.24,0.01,0.355,0.395
Test_1016,0.24108013559990737,0.025,0.408291117391267,0.3256287470088256
Test_1017,0.166919051584293,0.14450695380110998,0.4168298287107372,0.27174416590385986
Test_1018,0.2210320243140171,0.025,0.22171519533878903,0.5322527803471938
Test_1019,0.195,0.035,0.14,0.63
Test_1020,0.485,0.13,0.26,0.125
Test_1021,0.56,0.04,0.095,0.305
Test_1022,0.3159494159281689,0.12051673676863958,0.238054076343944,0.3254797709592475
Test_1023,0.705,0.02,0.15,0.125
Test_1024,0.815,0.015,0.075,0.095
Test_1025,0.17443673711311292,0.014506953801109975,0.38653580485749606,0.4245205042282809
Test_1026,0.18308843596965182,0.02,0.5820438809352869,0.21486768309506124
Test_1027,0.11224467750360934,0.1148229015041242,0.4017236812617236,0.37120873973054286
Test_1028,0.605,0.0,0.17,0.225
Test_1029,0.765,0.01,0.13,0.095
Test_1030,0.275,0.01,0.51,0.205
Test_1031,0.195,0.005,0.255,0.545
Test_1032,0.585,0.05,0.085,0.28
Test_1033,0.13,0.0,0.865,0.005
Test_1034,0.525,0.065,0.095,0.315
Test_1035,0.3526693002257336,0.05,0.155,0.44233069977426637
Test_1036,0.23042211971140553,0.085,0.29920930641795923,0.3853685738706353
Test_1037,0.06,0.0,0.925,0.015
Test_1038,0.05,0.055,0.15,0.745
Test_1039,0.09238988461485813,0.15,0.1917870278318262,0.5658230875533157
Test_1040,0.19069766378904837,0.15941632884715393,0.21918790707956393,0.43069810028423366
Test_1041,0.15297921675739098,0.035,0.28989270834004194,0.5221280749025671
Test_1042,0.22008671254658324,0.22134283828196488,0.39669280018511804,0.16187764898633383
Test_1043,0.13464665907643236,0.07378751190405212,0.30918070451863333,0.48238512450088217
Test_1044,0.3526693002257336,0.095,0.355,0.19733069977426637
Test_1045,0.23,0.03,0.14,0.6
Test_1046,0.59,0.03,0.105,0.275
Test_1047,0.375,0.015,0.505,0.105
Test_1048,0.10511088077802665,0.15970483849229525,0.22825093010727143,0.5069333506224066
Test_1049,0.075,0.005,0.035,0.885
Test_1050,0.06,0.02,0.0952978589420655,0.8247021410579345
Test_1051,0.545,0.035,0.22,0.2
Test_1052,0.5176038835167492,0.16184144502126274,0.15027047381600034,0.1702841976459877
Test_1053,0.07891544117647059,0.115,0.3016366989013504,0.504447859922179
Test_1054,0.13140566300576098,0.005,0.522110616370534,0.34148372062370497
Test_1055,0.33,0.03,0.335,0.305
Test_1056,0.635,0.04,0.11,0.215
Test_1057,0.4,0.015,0.535,0.05
Test_1058,0.1974815330453048,0.055599728395762896,0.40922860298444064,0.3376901355744917
Test_1059,0.4557069108962206,0.038999372604645456,0.040293716499133915,0.465
Test_1060,0.425,0.1,0.33,0.145
Test_1061,0.33,0.035,0.29,0.345
Test_1062,0.81,0.01,0.055,0.125
Test_1063,0.655,0.055,0.215,0.075
Test_1064,0.535,0.205,0.175,0.085
Test_1065,0.24,0.045,0.405,0.31
Test_1066,0.19,0.025,0.1152978589420655,0.6697021410579345
Test_1067,0.405,0.0,0.575,0.02
Test_1068,0.17365526093367997,0.07134283828196489,0.4231242517980213,0.3318776489863338
Test_1069,0.2663059033989266,0.10869409660107333,0.505,0.12
Test_1070,0.3,0.02,0.57,0.11
Test_1071,0.34,0.0,0.595,0.065
Test_1072,0.66,0.035,0.185,0.12
Test_1073,0.135,0.02,0.4488455284552845,0.39615447154471545
Test_1074,0.44656352312200776,0.005,0.1675263499584867,0.38091012691950554
Test_1075,0.030812404143423212,0.045,0.20811125587877696,0.7160763399777997
Test_1076,0.43,0.045,0.465,0.06
Test_1077,0.175,0.0,0.455,0.37
Test_1078,0.615,0.075,0.225,0.085
Test_1079,0.09,0.01,0.3516121336059986,0.5483878663940014
Test_1080,0.485,0.02,0.36,0.135
Test_1081,0.575,0.11,0.065,0.25
Test_1082,0.31,0.005,0.59,0.095
Test_1083,0.3935752772680874,0.02,0.3858738250158126,0.20055089771610002
Test_1084,0.2563116853273985,0.17,0.3821592676951576,0.19152904697744383
Test_1085,0.494489931480545,0.085,0.24,0.18051006851945497
Test_1086,0.11024844752662176,0.045,0.21397383472725345,0.6307777177461248
Test_1087,0.035,0.005,0.03,0.93
Test_1088,0.82,0.0,0.105,0.075
Test_1089,0.505,0.12,0.17,0.205
Test_1090,0.17,0.02,0.565,0.245
Test_1091,0.15237612568669634,0.11,0.4150713286263402,0.32255254568696345
Test_1092,0.385,0.135,0.305,0.175
Test_1093,0.2,0.0,0.145,0.655
Test_1094,0.23,0.0,0.37,0.4
Test_1095,0.03,0.005,0.105,0.86
Test_1096,0.475,0.005,0.215,0.305
Test_1097,0.18183493728327307,0.035,0.45152480703821285,0.33164025567851413
Test_1098,0.08613423127064435,0.045,0.19743720049945526,0.6714285682299004
Test_1099,0.175,0.02,0.175,0.63
Test_1100,0.6,0.02,0.205,0.175
Test_1101,0.3435752772680874,0.025,0.4958738250158126,0.13555089771610004
Test_1102,0.11626310753922695,0.04,0.36617503679067,0.4775618556701031
Test_1103,0.27,0.025,0.4977963346142477,0.20720366538575227
Test_1104,0.22766930022573362,0.07,0.205,0.49733069977426636
Test_1105,0.10958694236809008,0.034930818802122815,0.2235793455416599,0.6319028932881272
Test_1106,0.2182521863616391,0.065,0.5817478136383609,0.135
Test_1107,0.535,0.095,0.14,0.23
Test_1108,0.5234805003679176,0.03,0.385,0.06151949963208241
Test_1109,0.14,0.02,0.24014892947103272,0.5998510705289672
Test_1110,0.415,0.155,0.115,0.315
Test_1111,0.12500159230769237,0.055,0.2890243529136517,0.5309740547786559
Test_1112,0.33614518472041305,0.03,0.4278548971199029,0.20599991815968408
Test_1113,0.6218783068783068,0.0,0.2381216931216931,0.14
Test_1114,0.334667377753786,0.05,0.30694702117134476,0.3083856010748692
Test_1115,0.385,0.01,0.535,0.07
Test_1116,0.225,0.155,0.14,0.48
Test_1117,0.535,0.025,0.43,0.01
Test_1118,0.36,0.19,0.28,0.17
Test_1119,0.19524844752662177,0.05,0.30541291279072347,0.44933863968265475
Test_1120,0.7091041214750543,0.05,0.07,0.17089587852494578
Test_1121,0.465,0.035,0.3,0.2
Test_1122,0.1684805003679176,0.115,0.2616121336059986,0.4549073660260838
Test_1123,0.25,0.01,0.375,0.365
Test_1124,0.08,0.0,0.15,0.77
Test_1125,0.165,0.055,0.09594845617826736,0.6840515438217326
Test_1126,0.3202978187919463,0.03,0.4997021812080537,0.15
Test_1127,0.34695457720006034,0.025,0.46724991485329953,0.1607955079466402
Test_1128,0.46,0.08,0.44,0.02
Test_1129,0.56,0.035,0.305,0.1
Test_1130,0.07,0.1778221957040573,0.20514892947103275,0.5470288748249099
Test_1131,0.3991027860093736,0.025,0.383503939021662,0.1923932749689643
Test_1132,0.535,0.02,0.255,0.19
Test_1133,0.465,0.025,0.145,0.365
Test_1134,0.65,0.015,0.21,0.125
Test_1135,0.315,0.01,0.525,0.15
Test_1136,0.34902511853955104,0.035,0.34811452475255755,0.2678603567078913
Test_1137,0.49,0.015,0.29,0.205
Test_1138,0.09112615271117669,0.06434552989803538,0.2968517208839886,0.5476765965067993
Test_1139,0.455,0.015,0.3,0.23
Test_1140,0.51,0.095,0.24,0.155
Test_1141,0.155,0.005,0.45,0.39
Test_1142,0.035,0.045,0.14529785894206548,0.7747021410579344
Test_1143,0.325,0.04,0.105,0.53
Test_1144,0.24089907007280575,0.04,0.4433629529885691,0.2757379769386251
Test_1145,0.33603202431401713,0.05,0.29171519533878904,0.3222527803471938
Test_1146,0.27,0.025,0.47,0.235
Test_1147,0.14,0.0,0.1,0.76
Test_1148,0.22,0.095,0.235,0.45
Test_1149,0.68,0.035,0.09596099146688339,0.18903900853311661
Test_1150,0.11026908040003551,0.10109706973012374,0.5924514060787053,0.19618244379113545
Test_1151,0.21,0.045,0.365,0.38
Test_1152,0.705,0.0,0.195,0.1
Test_1153,0.23,0.015,0.405,0.35
Test_1154,0.395,0.0,0.585,0.02
Test_1155,0.205,0.065,0.32029785894206547,0.4097021410579345
Test_1156,0.16,0.11415151583548157,0.19511799497729396,0.5307304891872245
Test_1157,0.09465274401034457,0.14769558692543583,0.32279147335244174,0.4348601957117779
Test_1158,0.55,0.065,0.26,0.125
Test_1159,0.205,0.035,0.545,0.215
Test_1160,0.18404689761548668,0.23,0.38981535838370335,0.1961377440008099
Test_1161,0.12,0.015,0.085,0.78
Test_1162,0.145,0.03,0.060148929471032744,0.7648510705289673
Test_1163,0.4,0.035,0.535,0.03
Test_1164,0.37766930022573364,0.12,0.43,0.07233069977426636
Test_1165,0.21113423127064437,0.14915151583548159,0.1570030553989282,0.4827111974949459
Test_1166,0.015,0.055,0.145,0.785
Test_1167,0.12442076917869661,0.11903634032379708,0.3986870557454155,0.3578558347520909
Test_1168,0.06644300351235934,0.01,0.8525570783279565,0.0709999181596841
Test_1169,0.355,0.01,0.565,0.07
Test_1170,0.045,0.095,0.2357473606451218,0.6242526393548782
Test_1171,0.075,0.015,0.13,0.78
Test_1172,0.59,0.075,0.155,0.18
Test_1173,0.2533954001213743,0.08,0.3865984647830528,0.2800061350955729
Test_1174,0.18,0.0,0.095,0.725
Test_1175,0.050197361100455466,0.07446630873907446,0.23886703143461943,0.6364692987258507
Test_1176,0.13273076923076924,0.085,0.17323022223611417,0.6090390085331167
Test_1177,0.22539576365663322,0.03,0.4485207147434418,0.296083521599925
Test_1178,0.17550664443465988,0.03470483849229525,0.25978851707304484,0.53
Test_1179,0.21039444722419937,0.01,0.41489972626247634,0.3647058265133243
Test_1180,0.645,0.03,0.16,0.165
Test_1181,0.12,0.06,0.115,0.705
Test_1182,0.46,0.135,0.055,0.35
Test_1183,0.02,0.05,0.1152978589420655,0.8147021410579345
Test_1184,0.225,0.005,0.27,0.5
Test_1185,0.705,0.06,0.045,0.19
Test_1186,0.705,0.085,0.065,0.145
Test_1187,0.195,0.025,0.59,0.19
Test_1188,0.335,0.085,0.235,0.345
Test_1189,0.295,0.04916554390201514,0.14543713349093235,0.5103973226070525
Test_1190,0.075,0.02,0.1,0.805
Test_1191,0.61,0.045,0.05,0.295
Test_1192,0.13198564283341324,0.155,0.2667356563764459,0.4462787007901408
Test_1193,0.05,0.025,0.10014892947103274,0.8248510705289672
Test_1194,0.45,0.06,0.405,0.085
Test_1195,0.46,0.02,0.395,0.125
Test_1196,0.05,0.125,0.19589629011615453,0.6291037098838453
Test_1197,0.12386500050141358,0.045,0.23355195972397058,0.5975830397746159
Test_1198,0.17224467750360936,0.115,0.5271522639119115,0.18560305858447917
Test_1199,0.4327532140704398,0.005,0.33540440867669585,0.2268423772528643
Test_1200,0.34,0.02,0.12,0.52
Test_1201,0.055,0.04,0.25014892947103273,0.6548510705289672
Test_1202,0.05,0.02,0.185,0.745
Test_1203,0.7441041214750542,0.095,0.065,0.09589587852494579
Test_1204,0.445,0.065,0.12,0.37
Test_1205,0.25,0.0,0.225,0.525
Test_1206,0.24729645015753451,0.009506953801109974,0.6344367799301659,0.10875981611118961
Test_1207,0.28196433332574045,0.085,0.4231704953236327,0.2098651713506269
Test_1208,0.3152162430180438,0.11660076451515486,0.4174280371274685,0.1507549553393328
Test_1209,0.4,0.02,0.52,0.06
Test_1210,0.06,0.08,0.23,0.63
Test_1211,0.19630492254290494,0.08417978324918556,0.4333622178985117,0.28615307630939774
Test_1212,0.385,0.03,0.365,0.22
Test_1213,0.1572307569739882,0.06450695380110998,0.4658094264704691,0.3124528627544326
Test_1214,0.025897597977243992,0.03,0.1694002609648215,0.7747021410579344
Test_1215,0.74,0.03,0.075,0.155
Test_1216,0.4686337916874872,0.005,0.3608153105964127,0.16555089771610004
Test_1217,0.145,0.015,0.235,0.605
Test_1218,0.245,0.0,0.38,0.375
Test_1219,0.64,0.115,0.14,0.105
Test_1220,0.10302982631313456,0.08450695380110997,0.4704127396310242,0.3420504802547313
Test_1221,0.345,0.04,0.41279633461424775,0.20220366538575227
Test_1222,0.2118206312548114,0.05,0.135,0.6031793687451886
Test_1223,0.1600851290565719,0.05933458497640785,0.4989859913279166,0.2815942946391037
Test_1224,0.37,0.105,0.11,0.415
Test_1225,0.1452978187919463,0.04,0.6697021812080537,0.145
Test_1226,0.4176693002257336,0.02847067039106145,0.3115293296089386,0.24233069977426638
Test_1227,0.36,0.22,0.195,0.225
Test_1228,0.43,0.17,0.225,0.175
Test_1229,0.30746257851734676,0.015,0.6197021812080536,0.05783524027459954
Test_1230,0.57,0.02,0.28,0.13
Test_1231,0.675,0.04,0.075,0.21
Test_1232,0.29302927953301305,0.16,0.40415111200163034,0.14281960846535668
Test_1233,0.1977307692307692,0.045,0.25226923076923075,0.505
Test_1234,0.3105275087412862,0.15782219570405728,0.27133314114572427,0.2603171544089322
Test_1235,0.709489931480545,0.05,0.15,0.09051006851945496
Test_1236,0.09,0.005,0.06,0.845
Test_1237,0.12,0.03,0.065,0.785
Test_1238,0.1,0.03,0.13,0.74
Test_1239,0.065,0.015,0.105,0.815
Test_1240,0.27,0.105,0.26743814432989693,0.35756185567010307
Test_1241,0.11781589828734113,0.03433458497640785,0.4525521949572726,0.3952973217789784
Test_1242,0.0959442020265635,0.185,0.23196142082094665,0.4870943771524899
Test_1243,0.63,0.035,0.115,0.22
Test_1244,0.06,0.0,0.08,0.86
Test_1245,0.19141437836927225,0.08,0.39735065700808625,0.3312349646226415
Test_1246,0.29802139891408497,0.045,0.34,0.3169786010859151
Test_1247,0.24128660657930712,0.07,0.3901029515925232,0.2986104418281697
Test_1248,0.41,0.035,0.2,0.355
Test_1249,0.4476038835167492,0.22184144502126274,0.09027047381600037,0.24028419764598768
Test_1250,0.73,0.015,0.145,0.11
Test_1251,0.14144568258829462,0.03,0.19723389675487482,0.6313204206568305
Test_1252,0.185,0.035,0.57,0.21
Test_1253,0.155,0.035,0.48,0.33
Test_1254,0.205,0.005,0.495,0.295
Test_1255,0.05773076923076923,0.005,0.3622692307692308,0.575
Test_1256,0.005,0.005,0.035,0.955
Test_1257,0.24,0.0,0.125,0.635
Test_1258,0.21,0.04,0.205,0.545
Test_1259,0.29955887134864323,0.0,0.35377122356410085,0.346669905087256
Test_1260,0.8,0.04,0.05,0.11
Test_1261,0.3069553346831088,0.04634283828196488,0.5497975518063847,0.09690427522854154
Test_1262,0.08,0.015,0.2,0.705
Test_1263,0.26,0.02,0.59,0.13
Test_1264,0.1261261527111767,0.095,0.21255535604632533,0.566318491242498
Test_1265,0.135,0.0,0.28,0.585
Test_1266,0.28,0.02,0.18,0.52
Test_1267,0.1285323383084577,0.075,0.28322872476857364,0.5132389369229686
Test_1268,0.4642131225526586,0.0016007645151548647,0.34357560770042467,0.19061050523176185
Test_1269,0.14,0.025,0.14,0.695
Test_1270,0.41,0.11,0.065,0.415
Test_1271,0.345,0.07,0.35,0.235
Test_1272,0.2353277989263055,0.08,0.6388135480722303,0.04585865300146413
Test_1273,0.065,0.0,0.16,0.775
Test_1274,0.14654847657470518,0.11930724184600561,0.3555447654625727,0.3785995161167165
Test_1275,0.44,0.04,0.35243814432989695,0.1675618556701031
Test_1276,0.04589759797724399,0.1,0.1594002609648215,0.6947021410579345
Test_1277,0.105,0.04,0.065,0.79
Test_1278,0.09,0.01,0.105,0.795
Test_1279,0.195,0.0,0.055,0.75
Test_1280,0.635,0.045,0.06,0.26
Test_1281,0.625,0.045,0.125,0.205
Test_1282,0.26161180707261944,0.115,0.3860329183311926,0.23735527459618805
Test_1283,0.07,0.025,0.165,0.74
Test_1284,0.10982240312736215,0.08932985530523417,0.45579211714065027,0.3450556244267534
Test_1285,0.775,0.015,0.015,0.195
Test_1286,0.37,0.03,0.42,0.18
Test_1287,0.20623273390669794,0.07,0.32300211922395916,0.4007651468693429
Test_1288,0.53,0.055,0.15,0.265
Test_1289,0.24,0.0,0.565,0.195
Test_1290,0.275,0.035,0.225,0.465
Test_1291,0.165,0.01,0.45,0.375
Test_1292,0.45,0.015,0.325,0.21
Test_1293,0.08260128557878503,0.016342838281964884,0.38998232528939214,0.511073550849858
Test_1294,0.545,0.055,0.145,0.255
Test_1295,0.34,0.325,0.23,0.105
Test_1296,0.22887595395118226,0.045,0.6001241278891336,0.1259999181596841
Test_1297,0.07,0.09,0.2837030271398747,0.5562969728601252
Test_1298,0.29849165294932994,0.0,0.3783970452397954,0.32311130181087466
Test_1299,0.245,0.075,0.12,0.56
Test_1300,0.305,0.0,0.685,0.01
Test_1301,0.105,0.0,0.06,0.835
Test_1302,0.17164098392580704,0.0,0.6492427428796899,0.17911627319450305
Test_1303,0.21,0.0,0.75,0.04
Test_1304,0.1,0.025,0.21,0.665
Test_1305,0.54,0.005,0.375,0.08
Test_1306,0.08738948136643437,0.065,0.37182704497060626,0.47578347366295937
Test_1307,0.08,0.035,0.5138455284552845,0.3711544715447155
Test_1308,0.2103298195457428,0.18352837873123676,0.2745450386079602,0.3315967631150602
Test_1309,0.19725531932709553,0.15451486828720543,0.27223521592167577,0.3759945964640233
Test_1310,0.1661261527111767,0.145,0.16713076276898595,0.5217430845198374
Test_1311,0.2485752772680874,0.03,0.5508738250158126,0.17055089771610002
Test_1312,0.13113423127064433,0.12933150183150183,0.12808923557438373,0.6114450313234702
Test_1313,0.22605120247806818,0.17134283828196487,0.35748670389944404,0.24511925534052295
Test_1314,0.525,0.02,0.305,0.15
Test_1315,0.86,0.005,0.08,0.055
Test_1316,0.475,0.03,0.145,0.35
Test_1317,0.195,0.015,0.23,0.56
Test_1318,0.505,0.01,0.43,0.055
Test_1319,0.13687830687830688,0.045,0.30282702068345246,0.5152946724382406
Test_1320,0.01,0.005,0.05,0.935
Test_1321,0.22459446275616649,0.051342838281964884,0.20260989704622795,0.5214528019156407
Test_1322,0.48,0.055,0.43,0.035
Test_1323,0.10280965742349794,0.04450695380110997,0.3457330322157096,0.5069503565596825
Test_1324,0.885,0.005,0.03,0.08
Test_1325,0.13122108068719468,0.11,0.3322851036746506,0.4264938156381547
Test_1326,0.05641437836927223,0.015,0.3123506570080863,0.6162349646226415
Test_1327,0.65,0.0,0.13,0.22
Test_1328,0.175,0.08982001400397976,0.16011799497729393,0.5750619910187263
Test_1329,0.385,0.16,0.32,0.135
Test_1330,0.45,0.02,0.35,0.18
Test_1331,0.315,0.005,0.285,0.395
Test_1332,0.115,0.03,0.35870302713987473,0.4962969728601253
Test_1333,0.35,0.0,0.63,0.02
Test_1334,0.22638657788720937,0.01,0.38753529012385535,0.37607813198893525
Test_1335,0.16543722968521757,0.065,0.3408414958833204,0.4287212744314621
Test_1336,0.07,0.055,0.22094845617826736,0.6540515438217327
Test_1337,0.425,0.09,0.38,0.105
Test_1338,0.6235752772680874,0.005,0.2308738250158126,0.14055089771610002
Test_1339,0.22165244803280623,0.04134283828196488,0.2919076669246674,0.4450970467605615
Test_1340,0.52,0.105,0.25,0.125
Test_1341,0.4387783191598639,0.045,0.4447021812080537,0.07151949963208241
Test_1342,0.42620039111779356,0.005,0.3542952767704806,0.2145043321117259
Test_1343,0.08784577516207313,0.15,0.20077583807169574,0.5613783867662312
Test_1344,0.25349760979826486,0.055,0.320484410746708,0.3710179794550271
Test_1345,0.5,0.085,0.26,0.155
Test_1346,0.18894961332578816,0.015,0.6432590137171488,0.1527913729570631
Test_1347,0.322862716881614,0.03,0.33158638540228597,0.3155508977161
Test_1348,0.4,0.025,0.4,0.175
Test_1349,0.25,0.03,0.145,0.575
Test_1350,0.27,0.01,0.3387030271398747,0.3812969728601253
Test_1351,0.525,0.105,0.175,0.195
Test_1352,0.805,0.075,0.07,0.05
Test_1353,0.43,0.01,0.24,0.32
Test_1354,0.375,0.005,0.25,0.37
Test_1355,0.10623273390669795,0.05,0.6516121336059986,0.19215513248730343
Test_1356,0.1,0.01,0.16,0.73
Test_1357,0.09083743516561421,0.02,0.2943474882801045,0.5948150765542812
Test_1358,0.005,0.005,0.04,0.95
Test_1359,0.120665878959316,0.045,0.31673301654463204,0.517601104496052
Test_1360,0.22,0.0,0.76,0.02
Test_1361,0.02,0.065,0.225,0.69
Test_1362,0.437368254726982,0.01,0.2107425838929629,0.3418891613800551
Test_1363,0.2635323383084577,0.025,0.39146766169154223,0.32
Test_1364,0.535,0.04933150183150183,0.1,0.3156684981684982
Test_1365,0.42,0.08,0.305,0.195
Test_1366,0.055,0.11,0.12014892947103274,0.7148510705289672
Test_1367,0.465,0.05,0.2074381443298969,0.2775618556701031
Test_1368,0.135,0.065,0.185,0.615
Test_1369,0.3426351243178313,0.015,0.46195252113097235,0.1804123545511963
Test_1370,0.0817383872614702,0.029506953801109972,0.39683163803212784,0.49192302090529194
Test_1371,0.31942451477156064,0.24684144502126273,0.18527047381600034,0.2484635663911763
Test_1372,0.365,0.06,0.295,0.28
Test_1373,0.24532779892630552,0.05,0.5588135480722304,0.14585865300146414
Test_1374,0.249066981969564,0.07,0.26046619386122477,0.4204668241692112
Test_1375,0.056126152711176686,0.04,0.2761697713021026,0.6277040759867208
Test_1376,0.24,0.005,0.535,0.22
Test_1377,0.605,0.16,0.07,0.165
Test_1378,0.42,0.08,0.25,0.25
Test_1379,0.295,0.065,0.105,0.535
Test_1380,0.39,0.054820014003979754,0.22453752312492298,0.3306424628710973
Test_1381,0.49,0.01,0.42,0.08
Test_1382,0.21613423127064432,0.0,0.5018850604216343,0.28198070830772143
Test_1383,0.215,0.035,0.21925487256371812,0.5307451274362819
Test_1384,0.09,0.015,0.260552140077821,0.634447859922179
Test_1385,0.05,0.02,0.09,0.84
Test_1386,0.285,0.12,0.11,0.485
Test_1387,0.11,0.12434552989803539,0.28147833278951095,0.4841761373124536
Test_1388,0.495,0.0,0.305,0.2
Test_1389,0.095,0.005,0.38,0.52
Test_1390,0.64,0.005,0.22,0.135
Test_1391,0.255,0.0,0.51,0.235
Test_1392,0.57,0.065,0.08,0.285
Test_1393,0.5457069108962206,0.028999372604645454,0.11029371649913391,0.315
Test_1394,0.05,0.005,0.15,0.795
Test_1395,0.05113423127064434,0.095,0.2938259713777278,0.5600397973516279
Test_1396,0.525,0.05,0.14,0.285
Test_1397,0.35103202431401714,0.14,0.20671519533878904,0.30225278034719383
Test_1398,0.195,0.02,0.555,0.23
Test_1399,0.67,0.03,0.105,0.195
Test_1400,0.105,0.02,0.27,0.605
Test_1401,0.16,0.055,0.12029785894206547,0.6647021410579345
Test_1402,0.2880199791581522,0.03,0.544390509307071,0.13758951153477678
Test_1403,0.205,0.0,0.085,0.71
Test_1404,0.46,0.025,0.2,0.315
Test_1405,0.7002714317351166,0.0,0.14522555594889974,0.15450301231598362
Test_1406,0.1106392236496416,0.12287299716789427,0.28560937726944235,0.4808784019130218
Test_1407,0.12357527726808741,0.015,0.14587382501581259,0.7155508977161
Test_1408,0.3863059033989266,0.09369409660107333,0.285,0.235
Test_1409,0.585,0.03,0.15,0.235
Test_1410,0.5691041214750543,0.06,0.09,0.2808958785249458
Test_1411,0.3,0.0,0.31,0.39
Test_1412,0.03773076923076923,0.01,0.20726923076923076,0.745
Test_1413,0.075,0.025,0.11661213360599863,0.7833878663940013
Test_1414,0.35,0.005,0.61,0.035
Test_1415,0.555,0.03,0.355,0.06
Test_1416,0.185,0.07,0.38,0.365
Test_1417,0.4,0.015,0.24,0.345
Test_1418,0.2364630234849404,0.17313865793831096,0.1902611291570369,0.40013718941971177
Test_1419,0.315,0.01,0.315,0.36
Test_1420,0.36,0.08434552989803538,0.2350433644597043,0.32061110564226025
Test_1421,0.1668206312548114,0.16,0.16,0.5131793687451887
Test_1422,0.425,0.035,0.09,0.45
Test_1423,0.595,0.06,0.105,0.24
Test_1424,0.27,0.0,0.41,0.32
Test_1425,0.30563519588982885,0.02,0.4905679838174265,0.18379682029274458
Test_1426,0.31,0.01,0.65,0.03
Test_1427,0.3213076296078814,0.03160076451515487,0.4288379201134244,0.21825368576353926
Test_1428,0.385,0.01,0.48,0.125
Test_1429,0.24123273390669794,0.015,0.4268237296927353,0.3169435364005667
Test_1430,0.12643145161290323,0.055,0.4882692944958086,0.3302992538912882
Test_1431,0.2362948977309825,0.0,0.47125538207252526,0.29244972019649224
Test_1432,0.3209496284526917,0.025,0.3768394204238087,0.2772109511234996
Test_1433,0.76,0.025,0.05,0.165
Test_1434,0.1306396688799747,0.05,0.7606871452558824,0.05867318586414276
Test_1435,0.17595433361750498,0.08,0.27237911338448423,0.4716665529980108
Test_1436,0.3851108807780267,0.11970483849229525,0.1501842807296781,0.345
Test_1437,0.26052724824909,0.01,0.5321174771547219,0.19735527459618804
Test_1438,0.36355429017575847,0.03,0.3733039136659377,0.23314179615830388
Test_1439,0.22986485710463944,0.18120179122092608,0.2236784957848979,0.36525485588953654
Test_1440,0.38,0.11,0.11,0.4
Test_1441,0.30348050036791757,0.015,0.4993474264705883,0.1821720731614942
Test_1442,0.1493677152489311,0.07,0.29964182404937456,0.48099046070169427
Test_1443,0.465,0.04,0.405,0.09
Test_1444,0.28,0.005,0.57,0.145
Test_1445,0.195,0.04,0.265,0.5
Test_1446,0.29094941592816886,0.12040292411887474,0.47677514034456925,0.1118725196083871
Test_1447,0.3076038835167492,0.04684144502126273,0.33027047381600033,0.3152841976459877
Test_1448,0.695,0.02,0.16,0.125
Test_1449,0.645,0.0,0.305,0.05
Test_1450,0.31,0.09,0.16,0.44
Test_1451,0.13971984805318138,0.0,0.5552801519468187,0.305
Test_1452,0.12,0.08,0.08,0.72
Test_1453,0.25,0.03,0.545,0.175
Test_1454,0.3720122536543989,0.04,0.2825885262769279,0.3053992200686732
Test_1455,0.18,0.015,0.65,0.155
Test_1456,0.2053277989263055,0.05,0.4788135480722303,0.2658586530014641
Test_1457,0.545,0.08,0.325,0.05
Test_1458,0.285,0.075,0.27370302713987477,0.3662969728601253
Test_1459,0.535,0.03,0.1,0.335
Test_1460,0.13039576365663322,0.05,0.44460423634336677,0.375
Test_1461,0.25865526093367996,0.08634283828196487,0.5131242517980213,0.14187764898633382
Test_1462,0.515,0.005,0.415,0.065
Test_1463,0.3362016385341914,0.12,0.39146766169154235,0.15233069977426636
Test_1464,0.135,0.065,0.43,0.37
Test_1465,0.25,0.03,0.39,0.33
Test_1466,0.59,0.11,0.18,0.12
Test_1467,0.22530980230505038,0.13142366601927907,0.375803267598767,0.2674632640769036
Test_1468,0.13530061854931832,0.005,0.3631922675630572,0.49650711388762436
Test_1469,0.8,0.01,0.13,0.06
Test_1470,0.295,0.0,0.33,0.375
Test_1471,0.38,0.08,0.17,0.37
Test_1472,0.635,0.02,0.135,0.21
Test_1473,0.725,0.12,0.035,0.12
Test_1474,0.07,0.01,0.2015131315447044,0.7184868684552955
Test_1475,0.505,0.02,0.14,0.335
Test_1476,0.035,0.03,0.03,0.905
Test_1477,0.07,0.025,0.44,0.465
Test_1478,0.74,0.02,0.1,0.14
Test_1479,0.04,0.01,0.06,0.89
Test_1480,0.21,0.0,0.775,0.015
Test_1481,0.295,0.025,0.49,0.19
Test_1482,0.23,0.09,0.37,0.31
Test_1483,0.12,0.005,0.47,0.405
Test_1484,0.665,0.055,0.115,0.165
Test_1485,0.555,0.065,0.125,0.255
Test_1486,0.38266930022573364,0.085,0.3924381443298969,0.13989255544436946
Test_1487,0.385,0.005,0.27,0.34
Test_1488,0.57,0.075,0.065,0.29
Test_1489,0.15662849756333116,0.08916554390201516,0.2830434890582583,0.4711624694763954
Test_1490,0.14793643890552846,0.11887681125546816,0.4232601593921121,0.30992659044689125
Test_1491,0.475,0.0,0.515,0.01
Test_1492,0.14911220094255026,0.09,0.20394026012190558,0.5569475389355442
Test_1493,0.18,0.11,0.035,0.675
Test_1494,0.315,0.015,0.315,0.355
Test_1495,0.545,0.02,0.25,0.185
Test_1496,0.09,0.015,0.04,0.855
Test_1497,0.345,0.0,0.635,0.02
Test_1498,0.19602911000783416,0.01,0.3886213027925589,0.4053495871996069
Test_1499,0.1400440234899253,0.2745679696701147,0.321548976909647,0.26383902993031294
Test_1500,0.49,0.015,0.38,0.115
Test_1501,0.37,0.1,0.31,0.22
Test_1502,0.56,0.08,0.23,0.13
Test_1503,0.56,0.105,0.11,0.225
Test_1504,0.17,0.025,0.14,0.665
Test_1505,0.08086666713909044,0.09450695380110996,0.26247056596159596,0.5621558130982036
Test_1506,0.0815361989391906,0.06134283828196488,0.3835573086834254,0.47356365409541906
Test_1507,0.5692837531571822,0.04634283828196488,0.13304818655102793,0.25132522200982504
Test_1508,0.735,0.01,0.12941952814762905,0.12558047185237092
Test_1509,0.17,0.0,0.155,0.675
Test_1510,0.235,0.05,0.095,0.62
Test_1511,0.29,0.025,0.55,0.135
Test_1512,0.2285766208650905,0.07634283828196488,0.38159263696118445,0.3134879038917601
Test_1513,0.2597531380753138,0.0,0.5802468619246862,0.16
Test_1514,0.2736110328131982,0.0,0.479254114538265,0.2471348526485368
Test_1515,0.175,0.055,0.23441952814762906,0.5355804718523709
Test_1516,0.19809371599912218,0.046600764515154866,0.4963653884223481,0.25894013106337493
Test_1517,0.52,0.06,0.355,0.065
Test_1518,0.015,0.01,0.035,0.94
Test_1519,0.26422095491047426,0.03,0.3401461400813581,0.3656329050081677
Test_1520,0.10612615271117669,0.035,0.38374289637498454,0.4751309509138387
Test_1521,0.645,0.0,0.16087285477025282,0.19412714522974717
Test_1522,0.115,0.085,0.11014892947103273,0.6898510705289672
Test_1523,0.10511088077802665,0.14470483849229526,0.21018428072967807,0.54
Test_1524,0.685,0.01,0.25,0.055
Test_1525,0.32,0.015,0.34827789327789327,0.31672210672210677
Test_1526,0.08310647896057763,0.0,0.18619802507391037,0.7306954959655121
Test_1527,0.38,0.06,0.225,0.335
Test_1528,0.135,0.13,0.195,0.54
Test_1529,0.2956205971033004,0.18908235204594026,0.43515986143104757,0.08013718941971178
Test_1530,0.465,0.015,0.395,0.125
Test_1531,0.0,0.01,0.015,0.975
Test_1532,0.475,0.03,0.365,0.13
Test_1533,0.365,0.07,0.105,0.46
Test_1534,0.3857069108962206,0.09899937260464546,0.11029371649913391,0.405
Test_1535,0.54,0.055,0.11,0.295
Test_1536,0.037029899979967064,0.24450695380110996,0.3221788023710477,0.39628434384787525
Test_1537,0.345,0.005,0.34,0.31
Test_1538,0.33,0.04,0.58,0.05
Test_1539,0.585,0.125,0.135,0.155
Test_1540,0.015,0.01,0.01,0.965
Test_1541,0.445,0.12,0.335,0.1
Test_1542,0.415,0.05,0.27,0.265
Test_1543,0.4005065976148975,0.02,0.3832829887743163,0.1962104136107862
Test_1544,0.1,0.035,0.03,0.835
Test_1545,0.025085129056571908,0.07433458497640785,0.3489859913279166,0.5515942946391037
Test_1546,0.21849760979826488,0.11,0.35548441074670806,0.3160179794550271
Test_1547,0.28652525914729887,0.16903634032379705,0.294147071343763,0.250291329185141
Test_1548,0.375,0.08,0.14,0.405
Test_1549,0.25394203882945604,0.085,0.5178163548163548,0.14324160635418914
Test_1550,0.055,0.05,0.115,0.78
Test_1551,0.07,0.04,0.31,0.58
Test_1552,0.08612615271117668,0.07,0.2867219113799236,0.5571519359088998
Test_1553,0.4576038835167492,0.13684144502126272,0.08527047381600036,0.32028419764598764
Test_1554,0.47,0.065,0.175,0.29
Test_1555,0.67,0.03,0.16,0.14
Test_1556,0.37,0.035,0.48,0.115
Test_1557,0.09,0.0,0.035,0.875
Test_1558,0.48,0.1,0.195,0.225
Test_1559,0.305,0.06,0.12,0.515
Test_1560,0.15974138606795943,0.024506953801109975,0.7510752517752326,0.06467640835569807
Test_1561,0.505,0.09,0.32,0.085
Test_1562,0.370490005072526,0.12981134784356516,0.268600741826584,0.23109790525732485
Test_1563,0.255,0.0,0.115,0.63
Test_1564,0.445,0.01,0.405,0.14
Test_1565,0.53,0.03,0.035,0.405
Test_1566,0.17853233830845772,0.04,0.35146766169154225,0.43
Test_1567,0.355,0.035,0.18,0.43
Test_1568,0.595,0.005,0.325,0.075
Test_1569,0.43,0.035,0.47,0.065
Test_1570,0.32836270995391104,0.07847067039106145,0.34732771949739233,0.2458389001576353
Test_1571,0.5576693002257336,0.095,0.055,0.2923306997742664
Test_1572,0.285,0.02,0.1,0.595
Test_1573,0.331585534063319,0.011600764515154864,0.4617693326010371,0.195044368820489
Test_1574,0.67,0.03,0.18,0.12
Test_1575,0.16407891684292536,0.18343906286823036,0.3231829348889415,0.32929908539990277
Test_1576,0.23350990393263707,0.14134283828196487,0.29948954770028885,0.32565771008510924
Test_1577,0.185,0.02,0.335,0.46
Test_1578,0.31039576365663324,0.07,0.19960423634336677,0.42
Test_1579,0.28,0.115,0.37743814432989686,0.2275618556701031
Test_1580,0.385,0.0,0.495,0.12
Test_1581,0.17027393986260184,0.2193072418460056,0.18714185454657836,0.4232769637448142
Test_1582,0.4,0.03,0.15,0.42
Test_1583,0.505,0.02,0.4,0.075
Test_1584,0.31,0.005,0.125,0.56
Test_1585,0.23273076923076924,0.06,0.20226923076923076,0.505
Test_1586,0.68,0.005,0.165,0.15
Test_1587,0.56,0.16,0.205,0.075
Test_1588,0.645,0.055,0.15,0.15
Test_1589,0.07172388380780681,0.1695360481443555,0.37196922574996694,0.3867708422978708
Test_1590,0.11524844752662176,0.1,0.3179501525877221,0.46680139988565617
Test_1591,0.12030537634408603,0.095,0.4393734066395059,0.34532121701640806
Test_1592,0.26,0.025,0.36,0.355
Test_1593,0.225,0.005,0.525,0.245
Test_1594,0.1300285022551722,0.1387997947258287,0.4527620291816763,0.2784096738373228
Test_1595,0.09065942579554281,0.08,0.28421974385662113,0.545120830347836
Test_1596,0.3289154411764706,0.105,0.4060845588235294,0.16
Test_1597,0.19,0.005,0.5382778932778932,0.2667221067221067
Test_1598,0.225,0.1493455298980354,0.2953191385136384,0.3303353315883262
Test_1599,0.095,0.055,0.125,0.725
Test_1600,0.775,0.02,0.095,0.11
Test_1601,0.13439246655428272,0.105,0.20770428661171816,0.5529032468339992
Test_1602,0.1326391247278087,0.03,0.521413405052206,0.3159474702199852
Test_1603,0.185,0.0,0.46,0.355
Test_1604,0.455,0.02,0.27,0.255
Test_1605,0.2354191357439182,0.07,0.24848295899875694,0.44609790525732484
Test_1606,0.625,0.07,0.11,0.195
Test_1607,0.015,0.015,0.115,0.855
Test_1608,0.285,0.09982001400397976,0.10511799497729393,0.5100619910187263
Test_1609,0.6103957636566332,0.025,0.13960423634336677,0.225
Test_1610,0.15641437836927224,0.23435964912280702,0.4979910078852792,0.1112349646226415
Test_1611,0.465,0.015,0.45,0.07
Test_1612,0.29,0.17982001400397976,0.12511799497729392,0.4050619910187263
Test_1613,0.69,0.05,0.045,0.215
Test_1614,0.195,0.01,0.79,0.005
Test_1615,0.135,0.03,0.09014892947103274,0.7448510705289673
Test_1616,0.26,0.1,0.13,0.51
Test_1617,0.2,0.05,0.32,0.43
Test_1618,0.52,0.24,0.145,0.095
Test_1619,0.065,0.06,0.29,0.585
Test_1620,0.12,0.025,0.375,0.48
Test_1621,0.28475086898423635,0.04160076451515486,0.4390177707959143,0.2346305957046945
Test_1622,0.3490468976154867,0.075,0.2710386499930544,0.3049144523914589
Test_1623,0.14,0.01,0.4488455284552845,0.40115447154471545
Test_1624,0.11,0.015,0.345,0.53
Test_1625,0.17460665307909426,0.065,0.17616977130210254,0.5842235756188032
Test_1626,0.29139770759805556,0.1549308188021228,0.3761614753279616,0.17750999827186004
Test_1627,0.06,0.035,0.15014892947103273,0.7548510705289673
Test_1628,0.625,0.04,0.16,0.175
Test_1629,0.35,0.135,0.395,0.12
Test_1630,0.21,0.005,0.3,0.485
Test_1631,0.34,0.055,0.42,0.185
Test_1632,0.29,0.0,0.69,0.02
Test_1633,0.17,0.005,0.5043855853628384,0.32061441463716156
Test_1634,0.11644196474460936,0.04450695380110997,0.5072552185587652,0.33179586289551544
Test_1635,0.305,0.08,0.24,0.375
Test_1636,0.2918206312548114,0.03,0.175,0.5031793687451886
Test_1637,0.19141437836927225,0.06,0.46703512079342085,0.28155050083730687
Test_1638,0.4602978187919463,0.02,0.45298007448594696,0.06672210672210672
Test_1639,0.505,0.015,0.32,0.16
Test_1640,0.815,0.04,0.05,0.095
Test_1641,0.12004425714655381,0.11450695380110996,0.3604431459946017,0.40500564305773445
Test_1642,0.6935752772680874,0.02,0.1758738250158126,0.11055089771610004
Test_1643,0.4,0.19,0.285,0.125
Test_1644,0.165,0.015,0.105,0.715
Test_1645,0.05938223594793206,0.19996171194797022,0.357011549599073,0.38364450250502474
Test_1646,0.075,0.015,0.405,0.505
Test_1647,0.11703446921741234,0.035,0.4456702307757513,0.4022953000068364
Test_1648,0.2418206312548114,0.06,0.1359609914668834,0.5622183772783051
Test_1649,0.1258124041434232,0.055,0.2363501928017456,0.5828374030548312
Test_1650,0.575,0.115,0.1,0.21
Test_1651,0.015,0.01,0.02,0.955
Test_1652,0.56,0.095,0.17,0.175
Test_1653,0.645,0.01,0.19,0.155
Test_1654,0.06,0.01,0.1,0.83
Test_1655,0.17,0.01,0.63,0.19
Test_1656,0.325,0.02,0.34827789327789327,0.30672210672210676
Test_1657,0.095,0.015,0.35384552845528455,0.5361544715447155
Test_1658,0.51,0.09482001400397977,0.16511799497729393,0.23006199101872632
Test_1659,0.11508512905657192,0.22433458497640785,0.1952829641880418,0.4652973217789784
Test_1660,0.10492711021538902,0.035,0.29707087984416314,0.5630020099404479
Test_1661,0.36,0.075,0.45,0.115
Test_1662,0.405,0.065,0.375,0.155
Test_1663,0.57,0.02,0.175,0.235
Test_1664,0.285,0.06,0.35,0.305
Test_1665,0.54,0.005,0.335,0.12
Test_1666,0.465,0.025,0.055,0.455
Test_1667,0.26882873687449677,0.11,0.4198014172352953,0.20136984589020795
Test_1668,0.17961836495073286,0.1310722788783612,0.25725179553254385,0.4320575606383621
Test_1669,0.33182063125481137,0.025,0.15,0.49317936874518864
Test_1670,0.495,0.07,0.205,0.23
Test_1671,0.37,0.01,0.465,0.155
Test_1672,0.46,0.01,0.27,0.26
Test_1673,0.06,0.045,0.1,0.795
Test_1674,0.32,0.01,0.365,0.305
Test_1675,0.535,0.02,0.34,0.105
Test_1676,0.325,0.03,0.56,0.085
Test_1677,0.475,0.015,0.395,0.115
Test_1678,0.795,0.0,0.065,0.14
Test_1679,0.01,0.01,0.005,0.975
Test_1680,0.10303138778008758,0.10477596131183789,0.2432033533614862,0.5489892975465884
Test_1681,0.12,0.04,0.135,0.705
Test_1682,0.39,0.08433150183150183,0.16,0.36566849816849817
Test_1683,0.62,0.075,0.08,0.225
Test_1684,0.335,0.01,0.44614117146977167,0.20885882853022836
Test_1685,0.2538826680299628,0.14924897119341562,0.4094761107177453,0.1873922500588761
Test_1686,0.37155642843182873,0.036600764515154864,0.4869042779761783,0.10493852907683793
Test_1687,0.053910505120361656,0.07770623551157692,0.4278105347124797,0.4405727246555817
Test_1688,0.6968206312548113,0.0,0.265,0.03817936874518861
Test_1689,0.13,0.03,0.425,0.415
Test_1690,0.19,0.02,0.4001182919021518,0.38988170809784817
Test_1691,0.1612948977309825,0.17449630521496887,0.34554540944503787,0.3186633876090108
Test_1692,0.18,0.0,0.79,0.03
Test_1693,0.18290697526083644,0.085,0.23317290883468558,0.49892011590447793
Test_1694,0.165,0.035,0.05,0.75
Test_1695,0.345,0.03,0.32,0.305
Test_1696,0.03,0.04,0.095,0.835
Test_1697,0.255,0.045,0.545,0.155
Test_1698,0.14374644225525693,0.02,0.3287865171399888,0.5074670406047542
Test_1699,0.005,0.005,0.015,0.975
Test_1700,0.4362327339066979,0.03,0.385,0.14876726609330204
Test_1701,0.12682063125481138,0.075,0.17,0.6281793687451886
Test_1702,0.54,0.065,0.08,0.315
Test_1703,0.575,0.06,0.12,0.245
Test_1704,0.335,0.065,0.285,0.315
Test_1705,0.825,0.0,0.14,0.035
Test_1706,0.545,0.025,0.185,0.245
Test_1707,0.56,0.04,0.16,0.24
Test_1708,0.32,0.01,0.045148929471032745,0.6248510705289673
Test_1709,0.08,0.04,0.245,0.635
Test_1710,0.4858319030093827,0.035,0.1912233517313067,0.28794474525931063
Test_1711,0.325,0.005,0.15,0.52
Test_1712,0.23114518472041304,0.005,0.7152930414497998,0.048561773829787186
Test_1713,0.18581578033708623,0.05610771831626484,0.5560083841309251,0.20206811721572376
Test_1714,0.435,0.2,0.145,0.22
Test_1715,0.07,0.03,0.23,0.67
Test_1716,0.18,0.005,0.64,0.175
Test_1717,0.09511088077802665,0.10970483849229526,0.4230655817276574,0.37211869900202066
Test_1718,0.3122094482624569,0.095,0.34041291279072344,0.25237763894681964
Test_1719,0.575,0.095,0.22,0.11
Test_1720,0.27,0.025,0.51,0.195
Test_1721,0.33,0.17,0.29,0.21
Test_1722,0.09643145161290322,0.06,0.6235685483870967,0.22
Test_1723,0.5,0.055,0.22,0.225
Test_1724,0.345,0.02,0.19,0.445
Test_1725,0.215,0.1,0.195,0.49
Test_1726,0.51,0.06,0.225,0.205
Test_1727,0.405,0.03,0.56,0.005
Test_1728,0.145,0.07,0.39,0.395
Test_1729,0.13,0.035,0.57,0.265
Test_1730,0.5064143783692723,0.02,0.39235065700808625,0.0812349646226415
Test_1731,0.32613422642245365,0.015,0.38263080895490487,0.2762349646226415
Test_1732,0.195,0.01,0.19,0.605
Test_1733,0.295,0.045,0.255,0.405
Test_1734,0.605,0.09,0.035,0.27
Test_1735,0.43,0.03,0.405,0.135
Test_1736,0.135,0.075,0.315,0.475
Test_1737,0.055,0.045,0.30661213360599865,0.5933878663940013
Test_1738,0.09524844752662176,0.095,0.33732290533878756,0.47242864713459065
Test_1739,0.13524844752662177,0.03,0.48886340739891065,0.3458881450744676
Test_1740,0.235,0.045,0.195,0.525
Test_1741,0.3,0.03,0.395,0.275
Test_1742,0.44,0.0,0.515,0.045
Test_1743,0.215,0.015,0.77,0.0
Test_1744,0.78,0.015,0.125,0.08
Test_1745,0.145,0.015,0.41,0.43
Test_1746,0.235,0.01,0.085,0.67
Test_1747,0.055,0.12,0.28405027793589555,0.5409497220641044
Test_1748,0.74,0.019820014003979754,0.09511799497729394,0.1450619910187263
Test_1749,0.2477307692307692,0.03,0.22726923076923075,0.495
Test_1750,0.195,0.02,0.34,0.445
Test_1751,0.12254529605292767,0.03,0.4850900278026472,0.362364676144425
Test_1752,0.21,0.005,0.65,0.135
Test_1753,0.1995406869908314,0.02,0.40387654276023227,0.3765827702489362
Test_1754,0.4391027860093736,0.005,0.40350393902166204,0.15239327496896432
Test_1755,0.645,0.05,0.125,0.18
Test_1756,0.55,0.075,0.09,0.285
Test_1757,0.18266930022573363,0.03,0.3,0.48733069977426635
Test_1758,0.6435752772680874,0.005,0.2158738250158126,0.13555089771610004
Test_1759,0.09,0.005,0.115,0.79
Test_1760,0.135,0.065,0.2462041751527495,0.5537958248472505
Test_1761,0.2673554479600345,0.075,0.35831141907619013,0.2993331329637753
Test_1762,0.435,0.02,0.4,0.145
Test_1763,0.22,0.0,0.085,0.695
Test_1764,0.3289154411764706,0.03,0.38608455882352943,0.255
Test_1765,0.3675851826782059,0.15369409660107336,0.3237207207207207,0.155
Test_1766,0.3476693002257336,0.145,0.32,0.1873306997742664
Test_1767,0.18,0.13,0.425,0.265
Test_1768,0.27,0.035,0.065,0.63
Test_1769,0.6,0.035,0.265,0.1
Test_1770,0.19,0.15629286609511872,0.29152932960893857,0.3621778042959427
Test_1771,0.52,0.085,0.16,0.235
Test_1772,0.055,0.03,0.17,0.745
Test_1773,0.245,0.04,0.11514892947103274,0.5998510705289672
Test_1774,0.51,0.045,0.32,0.125
Test_1775,0.22954409466347278,0.095,0.3273351388944028,0.3481207664421244
Test_1776,0.1388771912837276,0.025,0.39041112493733343,0.4457116837789389
Test_1777,0.46,0.09,0.13,0.32
Test_1778,0.345,0.08,0.3,0.275
Test_1779,0.42,0.135,0.045,0.4
Test_1780,0.495,0.025,0.145,0.335
Test_1781,0.355,0.05,0.055,0.54
Test_1782,0.41,0.09,0.11096099146688339,0.3890390085331166
Test_1783,0.5076693002257336,0.055,0.315,0.12233069977426636
Test_1784,0.595,0.01,0.31,0.085
Test_1785,0.01,0.025,0.005,0.96
Test_1786,0.3296104117278895,0.05982644286513751,0.4623291194466161,0.14823402596035684
Test_1787,0.30766930022573363,0.09416554390201515,0.06543713349093234,0.5327280223813189
Test_1788,0.15030061854931834,0.1,0.34934514801612354,0.40035423343455817
Test_1789,0.625,0.005,0.245,0.125
Test_1790,0.1818206312548114,0.04434552989803539,0.3559577236358201,0.41787611521133305
Test_1791,0.6118783068783068,0.0,0.2631216931216931,0.125
Test_1792,0.55,0.055,0.235,0.16
Test_1793,0.345,0.02,0.41,0.225
Test_1794,0.08862223667887187,0.15830674852693868,0.40397840661722306,0.34909260817696636
Test_1795,0.12,0.01,0.39,0.48
Test_1796,0.085,0.09,0.345,0.48
Test_1797,0.3652731837424829,0.24184144502126273,0.06527047381600036,0.327614897420254
Test_1798,0.445,0.075,0.375,0.105
Test_1799,0.04,0.035,0.03,0.895
Test_1800,0.325,0.02,0.61,0.045
Test_1801,0.065,0.06,0.3601489294710328,0.5148510705289673
Test_1802,0.435,0.115,0.24,0.21
Test_1803,0.41,0.085,0.22,0.285
Test_1804,0.14067884793222685,0.05397326254018443,0.3558215525285649,0.44952633699902383
Test_1805,0.44,0.01,0.32,0.23
Test_1806,0.2742108945790729,0.07634283828196488,0.18651725979739095,0.4629290073415713
Test_1807,0.65,0.04,0.21,0.1
Test_1808,0.35,0.025,0.425,0.2
Test_1809,0.49,0.005,0.37,0.135
Test_1810,0.11,0.11,0.17055214007782102,0.609447859922179
Test_1811,0.545,0.005,0.4,0.05
Test_1812,0.18680561229617482,0.09993081880212282,0.2109385504838872,0.5023250184178152
Test_1813,0.04,0.085,0.21529785894206546,0.6597021410579345
Test_1814,0.74,0.025,0.115,0.12
Test_1815,0.16187009836168315,0.046600764515154866,0.3698332543543703,0.42169588276879166
Test_1816,0.15,0.11,0.28,0.46
Test_1817,0.046126152711176684,0.025,0.11631870077313529,0.812555146515688
Test_1818,0.1637954529369103,0.03,0.2263187007731353,0.5798858462899544
Test_1819,0.42026535396830533,0.025,0.39998112043925543,0.15475352559243927
Test_1820,0.5707069108962206,0.013999372604645453,0.08058609941701579,0.3347076170821181
